% Model,20260626_TI_field_CompactXY_X10_Y10_leadField.mph
% Version,COMSOL 6.3.0.335
% Date,"Jul 3 2026, 20:44"
% Dimension,2
% Nodes,277
% Expressions,4
% Description,"Electric field, x-component, Electric field, y-component"
% Length unit,mm
% x,y,ec.Ex (V/m) @ idx=3,ec.Ey (V/m) @ idx=3,ec.Ex (V/m) @ idx=4,ec.Ey (V/m) @ idx=4
-4.757810477258108,-4.737161513544736,0.001459283428590613-3.9401102064604125E-9i,-0.0017666014456546586+4.769878318625462E-9i,9.55380180906934E-4-2.5795559163426765E-9i,-0.0011565524849613262+3.1227273338529373E-9i
-4.509569930730237,-4.438937427344177,0.001485262544511437-4.01025461966015E-9i,-0.005392955645396602+1.4561146357934015E-8i,9.724888423116029E-4-2.625749829120903E-9i,-0.003530825115768313+9.533336570060226E-9i
-5,-4.500000000000001,-2.0552626012054764E-4+5.549272330057611E-10i,-0.0024580166306916174+6.636720615393655E-9i,-1.345544844963409E-4+3.6330125272646233E-10i,-0.001609213697768952+4.3449265514354156E-9i
-4.066253656949888,-4.629995570663171,0.008821707590511273-2.3818882223130735E-8i,-0.005856199729631818+1.5811919654343917E-8i,0.005774939161862602-1.5592513618351793E-8i,-0.0038315360688774697+1.0345265406039242E-8i
-4.0367080448186465,-4.252731756168891,0.00786776198244656-2.1243199697652342E-8i,-0.013731817111814678+3.707632917324381E-8i,0.005158726792949486-1.392872124153683E-8i,-0.008999401333220212+2.429866080181846E-8i
-3.603143032659244,-3.931359707687619,0.021440426609842068-5.788981226070397E-8i,-0.02148686167191777+5.801518835861785E-8i,0.014138734716908954-3.8175019240990765E-8i,-0.014155328010356452+3.821982164441154E-8i
-3.5110353837298627,-4.458308669802791,0.019402837261423684-5.238825825756972E-8i,-0.00923205062234492+2.4926821048587264E-8i,0.012727940533469357-3.436583149002071E-8i,-0.005997277959285873+1.619283521993927E-8i
-3.2238662481685614,-4.021690962232967,0.027905450846596187-7.534557683746758E-8i,-0.014852938054736716+4.010339025222126E-8i,0.018530471129776564-5.003284283125405E-8i,-0.009639335555780148+2.6026502914168023E-8i
-3.2702817135208733,-3.5040292074535047,0.03747471373559958-1.0118288139293466E-7i,-0.02168650380322978+5.855422826259492E-8i,0.02517065632534758-6.796154739217092E-8i,-0.014541538266510796+3.9262601232188295E-8i
-2.8535300978496916,-3.491787617323363,0.038727786815419385-1.0456621730596857E-7i,-0.014176901790096263+3.827807151423291E-8i,0.026402123951133376-7.128654791381327E-8i,-0.009191141975468064+2.4816366441940406E-8i
-3.0730613507732762,-3.03563741665075,0.04529310341978568-1.2229277436450895E-7i,-0.012749401842843747+3.4423777686386984E-8i,0.03104543411065791-8.38236283690896E-8i,-0.008735023635932648+2.3584832875706503E-8i
-4.708543104983516,0.2173968021253745,0.003132327399612789-8.457380461805777E-9i,-0.06422818212323586+1.734180701075238E-7i,0.0019091625847538652-5.154797785411597E-9i,-0.041305066080765195+1.1152495070849547E-7i
-4.47118336285198,0.5711783482458883,0.015986987080606696-4.316535755337729E-8i,-0.06121466994214627+1.6528149439552495E-7i,0.01019518303341771-2.752730822516392E-8i,-0.03910774988517264+1.055921292980415E-7i
-5,0.5,0.0010235122910504102-2.763514712352586E-9i,-0.07313592416565351+1.9746924800086022E-7i,6.736162361163922E-4-1.8187845864329728E-9i,-0.04699766447584519+1.2689514172024742E-7i
-4.627733533514382,-0.1612776208864391,-0.0037547962264536014+1.0138065467726297E-8i,-0.06265322806676603+1.691656456428577E-7i,-0.0025698033931469966+6.938548317311556E-9i,-0.040468152844975395+1.0926525919301625E-7i
-5,-0.5,-0.0011474333667634284+3.09810543383167E-9i,-0.07421535370657925+2.0038374101025332E-7i,-7.248431899264385E-4+1.9570989396273667E-9i,-0.04798524303279825+1.2956163424369662E-7i
-4.471183362850836,-0.5711783482462016,-0.016524643117230935+4.461704541329105E-8i,-0.06288980952208349+1.6980442285946953E-7i,-0.010768089947505138+2.9074174540040307E-8i,-0.04090023192410889+1.1043188601569702E-7i
-3,-2.5,0.036750679872488375-9.922796766063606E-8i,-7.569132684732954E-4+2.043689139536343E-9i,0.025123524584848112-6.783429024105579E-8i,-5.412160276503727E-4+1.4612999453441979E-9i
-2.5161905629996686,-2.8127784027108245,0.03870582971734618-1.0450693246483719E-7i,-0.012828890854108507+3.463840046525201E-8i,0.02704469274245617-7.302150344296822E-8i,-0.008924570127237649+2.409661424069958E-8i
-4.208105135255354,0.31373637918850067,0.007557706869093589-2.04060413411954E-8i,-0.050897891096192374+1.3742587373108106E-7i,0.004452027839560941-1.20206122994507E-8i,-0.03254123588585571+8.786233923624021E-8i
-4.01011912116503,0.7621461955282576,0.021177160898316075-5.717898673040928E-8i,-0.0389018367909261+1.0503615760097631E-7i,0.013151235099028588-3.5508739855478643E-8i,-0.024236703782110125+6.543984675756822E-8i
-4.010119121164178,-0.7621461955287434,-0.023982195842398954+6.475266748090982E-8i,-0.04366220146480204+1.1788928885054137E-7i,-0.01596593550893244+4.3108517661413446E-8i,-0.028979908343545593+7.824664517497139E-8i
-4.117292019567193,-0.11721688536729358,-0.004582473445102486+1.2372819452431471E-8i,-0.04933850704715281+1.332154887660735E-7i,-0.0034806014118922007+9.397731022586272E-9i,-0.03190968820112358+8.61571410343471E-8i
-2.5730657212849106,-2.379487532031645,0.03064517662829098-8.27429208378516E-8i,-0.012104163371802078+3.268161393975659E-8i,0.021027305700150278-5.677437307946893E-8i,-0.008907171208061719+2.404963662299201E-8i
-3.0711783482458297,-1.9711833628521929,0.01318706522560282-3.560548230086835E-8i,0.0025672818243726303-6.9317400039552025E-9i,0.008100181375164786-2.1870739217039286E-8i,0.0015056099457847194-4.065193229848573E-9i
-3.6453235445460352,0.45840382511350874,0.006233262546841066-1.683000087519956E-8i,-0.0341282713842088+9.214738396611237E-8i,0.003022135619246441-8.159859260646012E-9i,-0.021493807124969882+5.803394129579573E-8i
-3.585786437627587,1.085786437626223,0.015456470127641078-4.173294543922963E-8i,-0.01691840684152318+4.568021959770919E-8i,0.008743378083222342-2.360739014072581E-8i,-0.009686068654330748+2.615268371974544E-8i
-3.5857864376265325,-1.085786437627277,-0.022337527374565014+6.031201195820621E-8i,-0.023070812038892025+6.229190313873381E-8i,-0.015621101682671206+4.217745570883722E-8i,-0.016059336072922252+4.336070206113375E-8i
-3.47768004863941,-0.5995509937613417,-0.012500744587199556+3.3752395436938134E-8i,-0.032248634127994454+8.707230547720998E-8i,-0.009242826740628762+2.4955916899883646E-8i,-0.021451436731721563+5.791953992892169E-8i
-2.701810123123064,-1.6600461371717068,0.009048010166519646-2.442990614899097E-8i,-0.015029523807594513+4.058017722418034E-8i,0.005122832994034182-1.3831806878853309E-8i,-0.011070450713434843+2.989055792145122E-8i
-3.2621461955302204,-1.5101191211615839,-0.009047043768339633+2.4427296844133553E-8i,-0.005994754578056011+1.6186022012887034E-8i,-0.007297117111783588+1.9702440969691902E-8i,-0.004702054765917299+1.2695692702007504E-8i
-3.0708908119897353,-1.1347730557553102,-0.00766426849710144+2.069376101915545E-8i,-0.01969654529424853+5.3181278993073935E-8i,-0.006403301053541888+1.728911008086614E-8i,-0.013763833604167473+3.71627746887732E-8i
-4.650987692751212,4.718073658647841,-0.0016373034400203768+4.420769720738893E-9i,-0.0018738107103539292+5.0593466356113195E-9i,-9.539479594070976E-4+2.5756888741743074E-9i,-0.0010917372852129903+2.9477242980828286E-9i
-5,4.500000000000001,1.882358129092765E-4-5.082424929457242E-10i,-0.0019252522958276286+5.198240500913621E-9i,1.0967349457319253E-4-2.9612181354023914E-10i,-0.0011217229635803738+3.0286865533025603E-9i
-4.509569930729843,4.4389374273440785,-0.0012110944230944904+3.2699922468348853E-9i,-0.004412767013598236+1.1914606860028077E-8i,-7.056521476285216E-4+1.9052825342959933E-9i,-0.00257110385994741+6.9420596177331734E-9i
-3.065999281951675,0.9248486767225564,-4.291597398717965E-4+1.1587445167573372E-9i,-0.018820083767993285+5.0814805875170915E-8i,-0.0018244852671686397+4.926166419670726E-9i,-0.011199715633939844+3.023957718847458E-8i
-3.2621461955296036,1.5101191211626674,5.475170868417395E-4-1.478312999242361E-9i,-0.0013101385766180196+3.537414512127747E-9i,-0.0013128011272201395+3.5446034807720483E-9i,1.266507835195746E-4-3.4196101663989094E-10i
-3.07117834824588,1.971183362852011,-0.01713224127835501+4.625757916374447E-8i,0.004136200488571866-1.1167868723575151E-8i,-0.012194028033619131+3.2924251294705515E-8i,0.0030116831899127026-8.131637379491723E-9i
-2.737621024456859,1.5972055340433389,-0.01284457334477268+3.468074367309479E-8i,-0.008222193950560508+2.2200176928876917E-8i,-0.009555218305347677+2.579938374699872E-8i,-0.004199826990016679+1.1339662237314371E-8i
-4.294244118753793,4.681948568432032,-0.004738535495149155+1.2794191794617253E-8i,-0.0034323024893379017+9.267322443963873E-9i,-0.0027611795270553576+7.455269773684532E-9i,-0.001999715629297982+5.39929379491194E-9i
-4.036708044817469,4.252731756168243,-0.006538954334674829+1.765537811835568E-8i,-0.011203875285961729+3.0250808377056785E-8i,-0.0038127097889619765+1.0294433870371201E-8i,-0.006530041966962982+1.7631314451012892E-8i
-2.8003227128799555,3.3391755983670786,-0.03177698671334854+8.57988429298433E-8i,-0.010664478469718653+2.879442035854632E-8i,-0.019054462583510956+5.144763589646408E-8i,-0.006049180796807013+1.6332974479968993E-8i
-3.270281713519922,3.504029207451866,-0.03021499329284659+8.158141258153082E-8i,-0.01721146741439379+4.6471492171396857E-8i,-0.017860635365180927+4.8224265634380115E-8i,-0.010167401543431216+2.7452297346469316E-8i
-3.0730613507736746,3.0356374166521833,-0.03646216605955651+9.844897147883952E-8i,-0.009757019640309617+2.6344253567338835E-8i,-0.022088347662207505+5.963921905954355E-8i,-0.005900685252096305+1.5932031935251343E-8i
-2.5982253049524364,2.0785070710072175,-0.022314078508882184+6.02486992985899E-8i,-0.005856580058772092+1.5812946554732032E-8i,-0.014919795645814391+4.02839078074952E-8i,-0.002729410307851371+7.369491903272031E-9i
-3,2.5,-0.03209102993470162+8.664676930074785E-8i,-7.204327869270166E-6+1.9451907155565202E-11i,-0.020466700075789157+5.5260720625762297E-8i,2.124505363206482E-5-5.736229920414617E-11i
-2.6495959871580683,2.6377707295266672,-0.030287566887033896+8.177736352126454E-8i,-0.005842188883893565+1.5774089939282596E-8i,-0.019015129376683593+5.134143502648279E-8i,-0.0029856501623077457+8.061347403080328E-9i
-3.1602648247895506,3.932041142348712,-0.02438016973283466+6.582720924358693E-8i,-0.012648085187313108+3.415021959566315E-8i,-0.014320413885311337+3.866555859180899E-8i,-0.007326654824256901+1.9782193703201264E-8i
-3.603143032659477,3.9313597076878475,-0.017635555689978807+4.761654357835892E-8i,-0.017566381082553133+4.742977000757123E-8i,-0.01030716554475576+2.7829664455091745E-8i,-0.010265280276578026+2.7716572940848704E-8i
-3.3856809782142037,4.446136724086095,-0.017959096346116955+4.849011331571942E-8i,-0.00747974134982964+2.0195532037663364E-8i,-0.010472861905759974+2.8277049733629805E-8i,-0.004332069514734573+1.1696721127421209E-8i
4.294004437526805,-4.6819961727888915,-0.012358081656748099+3.336720113037241E-8i,-0.008942145902545717+2.4144069375399152E-8i,-0.0173149337336105+4.6750854420270835E-8i,-0.01252634463065474+3.382151634280558E-8i
4.509569930729843,-4.4389374273440785,-0.0031556754047440405+8.52042079482928E-9i,-0.011498712546587261+3.10468780624233E-8i,-0.004420928697326169+1.1936643657491557E-8i,-0.016108875756767265+4.3494460733466906E-8i
4.036708044817469,-4.252731756168243,-0.017101693147949487+4.6175098270692843E-8i,-0.02917886220356322+7.878382672525881E-8i,-0.023983373360048188+6.475584681483619E-8i,-0.04089479881935526+1.1041721646551816E-7i
3.603143032659477,-3.9313597076878475,-0.04666955383348365+1.2600923287930582E-7i,-0.04615561279804078+1.2462157625305614E-7i,-0.06568872541699251+1.7736158198872426E-7i,-0.06491505522678703+1.7527264864436153E-7i
3.400905728612493,-4.484036494111983,-0.0460851896524753+1.2443143159083284E-7i,-0.017887438760091783+4.82966356262405E-8i,-0.06461322792003636+1.7445770561916272E-7i,-0.02487994024263292+6.717660501412228E-8i
4.6497892866162704,-4.718311680432134,-0.004285980723585614+1.157227997168294E-8i,-0.004887161212490531+1.3195485809458447E-8i,-0.0060041210622574+1.621131180874706E-8i,-0.006846235056513894+1.8485045532274843E-8i
5,-4.500000000000001,4.913521734331017E-4-1.326666003035821E-9i,-0.005013193751592704+1.3535777547127414E-8i,6.883305650394744E-4-1.8585137277600118E-9i,-0.007022905309765015+1.896206065789744E-8i
3.270281713519922,-3.504029207451866,-0.08127694575233273+2.19450257046946E-7i,-0.046510772702420246+1.2558051893461273E-7i,-0.11630363619582725+3.140234001464811E-7i,-0.06632473192013984+1.7907881913767233E-7i
3.0421663962855776,-3.977544744265882,-0.06671172309649158+1.801237072340435E-7i,-0.027905031145234117+7.534444363086013E-8i,-0.09429371139173977+2.545959252194774E-7i,-0.03830401763152077+1.0342202745637994E-7i
3.0730613507736746,-3.0356374166521833,-0.1025347367219707+2.7684694745351053E-7i,-0.027960437642734662+7.549404288075555E-8i,-0.1536451948529136+4.148467587259529E-7i,-0.041416843309081866+1.1182675266793745E-7i
2.7711686249510508,-3.5297093296463844,-0.08319054113940644+2.246170235351653E-7i,-0.026661054379158482+7.198566804512262E-8i,-0.11979085567163854+3.234390001455079E-7i,-0.034674670750692416+9.362267908595733E-8i
3,-2.5,-0.09518710358725564+2.570081116658908E-7i,-4.929848114401987E-4+1.331074175945945E-9i,-0.16303489312033806+4.4019923327216625E-7i,2.236217904690955E-4-6.037857223287707E-10i
2.537132244230102,-2.701646819488478,-0.08872065246638734+2.3954849445808176E-7i,-0.017467022267549055+4.716149814658398E-8i,-0.13944518330714004+3.765062901595718E-7i,-0.011933700115004173+3.22213578957418E-8i
3.07117834824588,-1.971183362852011,-0.05846893331426717+1.5786792092527568E-7i,0.014006398555573618-3.7817707529130204E-8i,-0.14210959584378346+3.837002860784932E-7i,0.03748330537678388-1.0120607908877334E-7i
2.5107777558899382,-2.183702442162958,-0.07393543258759921+1.9962794536679261E-7i,-0.015951123553326823+4.306852492504325E-8i,-0.13066557403851595+3.5280107470225486E-7i,0.004125006923142789-1.1137645752118418E-8i
3.2621461955296036,-1.5101191211626674,-0.010660822118267771+2.878454809700211E-8i,0.003537050858697016-9.550146267729833E-9i,-0.10947717201523027+2.9559173658817657E-7i,0.06137181796722713-1.6570579890374103E-7i
2.675322141821748,-1.6632736235159093,-0.049689839458533336+1.3416409709863854E-7i,-0.017137548651344658+4.6271909234288353E-8i,-0.11314143448720515+3.0548535813016987E-7i,0.023486177396202484-6.341340239767981E-8i
3.585786437627587,-1.085786437626223,0.03533333801577465-9.540110099014306E-8i,-0.0385493109005672+1.0408432683839584E-7i,-0.07582308947426551+2.0472467710493126E-7i,0.07540484024307996-2.0359539129769463E-7i
3.1202388457244044,-0.9064643245941306,-0.009424358860717566+2.5446059215726977E-8i,-0.04683206139844467+1.264480083103088E-7i,-0.0744385588407247+2.0098640174766486E-7i,0.04845272181298484-1.3082384134960246E-7i
4.01011912116503,-0.7621461955282576,0.05988177214008804-1.6168262927365767E-7i,-0.11008804863751767+2.9724112228476133E-7i,-0.04976109543120219+1.3435649041968515E-7i,0.08764598036055918-2.3664684666997054E-7i
3.4911927043483395,-0.5623841394093047,0.00400771410082638-1.0820951518987017E-8i,-0.08158020498794226+2.202690663241728E-7i,-0.05266894423849905+1.4220777176777696E-7i,0.06004531923895793-1.6212421147822424E-7i
4.15626282605434,-0.3330216023887548,0.018283063107836846-4.93648335512906E-8i,-0.1504743281492016+4.0628532095600187E-7i,-0.02725802514816955+7.359750750950917E-8i,0.08372775710982173-2.2606752320274943E-7i
4.47118336285198,-0.5711783482458883,0.04913844474397949-1.3267531438512888E-7i,-0.18812017842145168+5.079302762692729E-7i,-0.027936350756870953+7.542900754699358E-8i,0.10436632964646687-2.817923047669066E-7i
4.700230261819947,-0.2149433019850432,0.00819443451041162-2.2125225585420565E-8i,-0.20128260476901447+5.434692328405174E-7i,-0.008397946272454038+2.2674713611558927E-8i,0.10059530633422867-2.716104256677059E-7i
5,-0.5,0.003514849313937418-9.490201413021526E-9i,-0.22937453846613787+6.193183191184878E-7i,-0.001143023871653548+3.086199661213651E-9i,0.11601899674340244-3.1325486485739575E-7i
4.010119121164178,0.7621461955287434,-0.08678550851636846+2.3432354618616468E-7i,-0.15558912476832956+4.20095429375057E-7i,0.022721895866337438-6.13498187254263E-8i,0.04304042373614695-1.1621046983099863E-7i
3.5857864376265325,1.085786437627277,-0.10680391643441334+2.8837386417759435E-7i,-0.10828159873019771+2.9236365189220385E-7i,0.003967247673597657-1.0711690919010324E-8i,0.006142571490762777-1.6585132230298135E-8i
3.5635345943859966,0.4672913616880507,-0.06064067954373764+1.6373170263959098E-7i,-0.11656117667698372+3.1471876737845006E-7i,-0.010944060735590585+2.9549301088175778E-8i,0.03629892156128061-9.80082063051824E-8i
4.471183362850836,0.5711783482462016,-0.054866048525200085+1.4814002101770807E-7i,-0.20586926387398077+5.558533537035109E-7i,0.02199108028936092-5.937659415679655E-8i,0.08501146264012843-2.2953356767564312E-7i
4.0620193590287625,0.1370603178930978,-0.02720336617106199+7.344992658770471E-8i,-0.15281297473106395+4.12599738762689E-7i,-0.008986603966162979+2.4264107516575274E-8i,0.0680450837571884-1.837238220884669E-7i
3.2621461955302204,1.5101191211615839,-0.11723666090504559+3.165425956006668E-7i,-0.0669411998673756+1.8074330158383077E-7i,-0.018869078091691235+5.0947092058284075E-8i,-0.00940874805831965+2.5403909568400924E-8i
2.996097674337949,1.0402411669717972,-0.08579992280411168+2.3166243440479176E-7i,-0.07511402396631313+2.0281017839262726E-7i,-0.021211299464845217+5.7271161911581125E-8i,0.006373362128234306-1.720827406034838E-8i
3.0711783482458297,1.9711833628521929,-0.11674787060453756+3.152228467334388E-7i,-0.03146343498765758+8.49522436123701E-8i,-0.03339946244331063+9.017957737670057E-8i,-0.008294916643608846+2.2396530440131026E-8i
2.6873004748689064,1.6876912301953741,-0.09366626573136688+2.529018026097165E-7i,-0.04232844305644712+1.1428810006517445E-7i,-0.02953973076940773+7.97581829686153E-8i,-0.0026781092988897083+7.230977598885966E-9i
3,2.5,-0.10594628424380631+2.860582308459231E-7i,-2.6067767617667624E-4+7.038377551442066E-10i,-0.03851616332905694+1.0399482737429718E-7i,1.53605658644925E-4-4.1474000974393895E-10i
2.628910678547424,2.387825032343496,-0.091731106913955+2.476768141953932E-7i,-0.01254079007567716+3.386051948932206E-8i,-0.03371312632334541+9.102647951436653E-8i,-5.344294781828629E-4+1.442976052739615E-9i
4.5906383735431735,0.17282237283081223,-0.01666224682595374+4.498857966534357E-8i,-0.1980188291442576+5.34656938121927E-7i,0.00158419450989572-4.2773739735377594E-9i,0.09162293011218285-2.4738473349849387E-7i
5,0.5,-0.003525541887348549+9.519071690585022E-9i,-0.23856248590590298+6.441260602156547E-7i,0.002307418511270254-6.23010105418837E-9i,0.10917006386722831-2.947625351289244E-7i
3.0730613507732762,3.03563741665075,-0.08585918336633028+2.318224397481136E-7i,0.022983285770079007-6.205557951692511E-8i,-0.034864270412789+9.413460401371069E-8i,0.009452909638939591-2.5523147196349583E-8i
2.5558495366897507,2.789713364101272,-0.08168271795926013+2.205458545043722E-7i,-0.0010594798367552828+2.8606281936478585E-9i,-0.032287638448696664+8.717761834453256E-8i,0.0023887783939935217-6.449775243607032E-9i
2.842562056044149,3.479407891259219,-0.0650308593002303+1.7558532320967856E-7i,0.017694819449437495-4.777655755435733E-8i,-0.027399073187335598+7.397834155986608E-8i,0.008319456402105097-2.246278854395277E-8i
3.2702817135208733,3.5040292074535047,-0.06089593518126358+1.6442090072335247E-7i,0.0346850786465345-9.365078072531491E-8i,-0.02598379275932979+7.015704081036911E-8i,0.014858235372958162-4.011769317458277E-8i
3.1345447854272375,4.014349385070785,-0.0461108006373747+1.2450058203892665E-7i,0.02015127654343627-5.4409067372651284E-8i,-0.019966537943366624+5.391026746207477E-8i,0.009004461089344839-2.431232229921138E-8i
3.603143032659244,3.931359707687619,-0.033391990758025666+9.015940359628744E-8i,0.03311241038895171-8.940452798806833E-8i,-0.014536664590806658+3.924944215766311E-8i,0.01443595879702747-3.897753341248916E-8i
4.0367080448186465,4.252731756168891,-0.012062180410416104+3.2568258650834594E-8i,0.021041436283861865-5.6812526090739935E-8i,-0.005279098913218057+1.4253729673994478E-8i,0.009213294351663829-2.4876178540006464E-8i
3.641397137601654,4.55547728187849,-0.02570866962935889+6.941419988504172E-8i,0.011618827842163457-3.137119306029615E-8i,-0.011258948366157137+3.0399507389962586E-8i,0.005118525936915401-1.3820177691970003E-8i
4.093584893136561,4.617537811955873,-0.012907829720113112+3.4851537834955423E-8i,0.009121921208376927-2.4629468238628308E-8i,-0.005655820867355538+1.527089055406417E-8i,0.003999762582381933-1.07994821742554E-8i
4.509569930730237,4.438937427344177,-0.0022785902052403495+6.1522637399366315E-9i,0.008278714473488658-2.2352784081732352E-8i,-9.985139984389768E-4+2.696018552300156E-9i,0.00362798793230526-9.795679167537496E-9i
4.757556381341981,4.7370016872557565,-0.002242683475731422+6.055314464250749E-9i,0.0027185768847045044-7.340241327078158E-9i,-9.828275276025644E-4+2.6536645978579206E-9i,0.0011914074533277141-3.21683682205459E-9i
5,4.500000000000001,3.1588027301165944E-4-8.528864669703734E-10i,0.0037775164500807312-1.0199410771343462E-8i,1.3843225495413503E-4-3.7377135241109217E-10i,0.0016554765025063034-4.4698375492204815E-9i
-5,-5,1.0414101560551892E-6-2.8118395010568977E-12i,-9.260252102571975E-6+2.5002965907730727E-11i,6.975784784812866E-7-1.883483380157965E-12i,-6.076235283314357E-6+1.6406022422664777E-11i
-4.463327804888196,-4.999999999999999,0.004205730066630886-1.135560072600617E-8i,2.5806420182905576E-5-6.967812938981146E-11i,0.002753484980761889-7.434494261690145E-9i,1.6522609243618813E-5-4.4611553893521764E-11i
-3.8106271205825033,-4.999999999999999,0.013555311131860629-3.6599757590580874E-8i,-1.8025492567301052E-4+4.866938515844909E-10i,0.008870392852749265-2.39503339307917E-8i,-1.2638036346003986E-4+3.4123087414718996E-10i
-3.0607111426169022,-4.999999999999999,0.0252115154105594-6.80718681807962E-8i,-9.02773479521483E-5+2.4375162021948497E-10i,0.01636534793508937-4.41869435148544E-8i,-8.83522894805829E-5+2.385539030479414E-10i
-2.9132527383684907,-3.83042535444185,0.03390000322759928-9.15310529120834E-8i,-0.012768863598618807+3.447632502644896E-8i,0.022766732346813416-6.14708786037774E-8i,-0.008062287530755807+2.1768424669919995E-8i
-2.76513107754181,-4.353999942724387,0.03066162591909194-8.278733442969007E-8i,-0.006331419920643412+1.7095028807937908E-8i,0.020059154915295547-5.4160336139104996E-8i,-0.003647805346323113+9.849186795812694E-9i
-2.201884612129863,-4.999999999999999,0.03234457257348896-8.733134223516448E-8i,-1.1111340761720452E-4+3.0000962311359597E-10i,0.019938532142623294-5.38346509374331E-8i,-1.5372263806127476E-4+4.1505585777555683E-10i
-2.4956998586770025,-3.800977661776391,0.03752052114725959-1.0130656281538903E-7i,-0.009004386366459264+2.4312120545113382E-8i,0.025455665656826113-6.873108136610183E-8i,-0.005037157904632221+1.3600481498478003E-8i
-4.999999999999999,-4.440892098500626E-16,3.4081454151328273E-5-9.202097599053751E-11i,-0.06499992263738422+1.755017932670928E-7i,1.5447383364786127E-5-4.1708410897829834E-11i,-0.04189939083921541+1.131296458628704E-7i
-4.439322101056142,0.15301992564167813,0.0031167537696791146-8.4153311812663E-9i,-0.057358927839876464+1.5487087195372457E-7i,0.001741471232880687-4.7020259700630975E-9i,-0.036870951097949266+9.955270367401601E-8i
-2.5165554670442303,-3.277379565027529,0.04043571811684706-1.0917768442800522E-7i,-0.01202465249047252+3.24669321110496E-8i,0.028104625939701613-7.588335572389549E-8i,-0.007654965988083323+2.0668643958272835E-8i
-1.3219173142285074,-4.999999999999999,0.027913979867487542-7.5368605456586E-8i,-7.116689746560397E-5+1.9215281526041642E-10i,0.012340575677152688-3.331993444624585E-8i,-7.729122757513252E-5+2.086886952010349E-10i
-1.882176318153222,-4.223102200325785,0.03777312922221761-1.0198861239868134E-7i,1.5534361058985868E-4-4.1943253353216463E-10i,0.02422453342268652-6.540698641223748E-8i,0.002790834916148875-7.535340237696098E-9i
-2.044498627362807,-3.5839205507457605,0.04301178675513077-1.1613314910016867E-7i,-0.006978392488360391+1.884187466900751E-8i,0.03006134598328941-8.116656011303078E-8i,-0.002706359638217681+7.307254385247505E-9i
-3.9025513914873287,0.28350698475452973,0.005105347888747153-1.3784596555999905E-8i,-0.04204436881024132+1.1352109085029147E-7i,0.0025702291437595115-6.939697857082945E-9i,-0.026816490761958512+7.240535106648689E-8i
-1.9449707063736956,-3.1011939401189315,0.04634105381053926-1.251222726988084E-7i,-0.01467790688245627+3.9630800695704173E-8i,0.0338348588162559-9.135516099485938E-8i,-0.00945931373151552+2.55404384435703E-8i
-0.9117318397649616,-4.297488236264476,0.02902797138601676-7.837641687009972E-8i,0.01976863551132681-5.337592479972957E-8i,0.01206359495560456-3.2572077966428114E-8i,0.022528975144063892-6.082892683288793E-8i
-0.4406391047444922,-4.999999999999999,2.876464774112704E-4-7.766543491805498E-10i,9.03220154577028E-4-2.4387222386029003E-9i,-0.018750603974819813+5.06272082934599E-8i,9.167667503931406E-4-2.475298464573657E-9i
-1.3830907865658868,-3.5169493864801677,0.060440974621826536-1.6319249319906676E-7i,0.0011893553422808179-3.211296059023781E-9i,0.04586335291583169-1.238324655688193E-7i,0.006326697866641061-1.708227911668397E-8i
-3.7153630637534416,-0.31043210387534764,-0.009148240107145433+2.4700530075992778E-8i,-0.03888605501557978+1.049935463214201E-7i,-0.0068160931734849274+1.8403661519652223E-8i,-0.025405949088089852+6.859684509913093E-8i
-3.6744676398623586,0.055774944131363344,-0.0015963932233489981+4.310310875604739E-9i,-0.03814491520486389+1.0299244600368996E-7i,-0.0020030120843952948+5.408194325218501E-9i,-0.02452964324517215+6.623079233103554E-8i
-2.5357370611486525,-1.9646951108731052,0.019467826887859623-5.2563732250774666E-8i,-0.015346416974945196+4.1435798537063295E-8i,0.01272236272998693-3.435077124880938E-8i,-0.011494054718824068+3.103430178397256E-8i
-1.9894901325219028,-2.5829719624360923,0.03954430432179989-1.0677083972379874E-7i,-0.022362795473046263+6.038023660242976E-8i,0.028610166706845342-7.724833136699712E-8i,-0.01652346115433977+4.461385407708173E-8i
-1.5059140417140506,-2.869484564336407,0.05480352270944938-1.4797119938924738E-7i,-0.024019044117442823+6.4852158958542E-8i,0.04190399695568686-1.1314208251921676E-7i,-0.017245503034317277+4.65633893935582E-8i
-0.018736518927815762,-4.308462888991437,-0.020034836779137283+5.40946764224256E-8i,0.04721326861299787-1.2747727953165797E-7i,-0.040819588353497194+1.1021414589103847E-7i,0.050242643903715196-1.3565668612827502E-7i
0.44063910473952195,-4.999999999999999,-0.044702803669342685+1.2069894685572804E-7i,0.0011354221098310486-3.065674670137122E-9i,-0.06749179836399262+1.8222993448439314E-7i,0.0011823245753327753-3.1923127716955294E-9i
-0.4281981611874584,-3.6704873392310806,0.05537934645949491-1.4952594125105957E-7i,0.06577675322196046-1.7759925977360053E-7i,0.03686527033626678-9.953736544249253E-8i,0.07155584423668-1.9320298352255115E-7i
1.321917314223537,-4.999999999999999,-0.07066643854945391+1.9080156077130985E-7i,-7.07498808595423E-5+1.9102685757826248E-10i,-0.09658639978838048+2.607862545104436E-7i,7.565755621842067E-5-2.04277732216291E-10i
0.917852655812827,-4.257944482193727,-0.07509295875982556+2.02753301686253E-7i,0.018756247586132577-5.0642446217844745E-8i,-0.10023287360734735+2.706318461413853E-7i,0.02166323098916381-5.8491390947761294E-8i
-0.8604847409575512,-2.894805996084642,0.08209827758552067-2.2166787829545947E-7i,-0.04404296442789916+1.1891736057927612E-7i,0.06688150549953113-1.8058212495193646E-7i,-0.03560815421056281+9.614311318103871E-8i
-3.394327339413499,-0.14567170747514455,-0.005597225489447207+1.511268122884351E-8i,-0.03379912613927224+9.125868166635863E-8i,-0.004891125594869937+1.320618976399528E-8i,-0.021952367032861936+5.9272067171796686E-8i
-3.4107276561485413,0.20842875023442206,-6.275253198951391E-4+1.6943376929317547E-9i,-0.03259483216674495+8.800705084552519E-8i,-0.0016642219370292088+4.4934504918170585E-9i,-0.0207789772331207+5.610387856941199E-8i
-3.2614147789838017,0.5453364468658795,0.00166894767622341-4.5062101331997905E-9i,-0.026964920706276208+7.280611648812537E-8i,-3.2677560513066917E-4+8.823041992878766E-10i,-0.016788181665150153+4.53286076102663E-8i
-2.7651457008951104,-1.318197790215597,9.016243459221571E-4-2.4344135060801782E-9i,-0.01933435462699116+5.220335303517641E-8i,-7.216198436823639E-4+1.948395805481092E-9i,-0.013809275617905315+3.728546952558818E-8i
-3.1086736865208033,-0.768188185394531,-0.008792959744572023+2.3741262153594583E-8i,-0.02639431863473142+7.126547331910598E-8i,-0.007191474831554218+1.9417203559053266E-8i,-0.01785593109720914+4.821156396594854E-8i
-2.04699886507419,-2.082872363155422,0.026816166255916308-7.240447489017387E-8i,-0.027343758341289007+7.382898977172088E-8i,0.018248434795970967-4.927133604261369E-8i,-0.02083088997893866+5.6244044582147174E-8i
-2.2856322480152667,-1.7298861591545611,0.01595335442154818-4.3074548337949055E-8i,-0.024371400064111388+6.580353086791357E-8i,0.009915946759491045-2.677336168444139E-8i,-0.018172199438607317+4.9065498229509906E-8i
-1.351533842151217,-2.2515015365622,0.04455546029832299-1.2030111521546565E-7i,-0.047638212778561874+1.2862464186793134E-7i,0.03333319058521205-9.000064131851507E-8i,-0.038497030989883295+1.0394316946921046E-7i
-5,5,-2.2865733110943864E-5+6.173818371818388E-11i,5.3507452319079274E-5-1.4447176941197865E-10i,-1.332610770726772E-5+3.598090129066975E-11i,3.116851663703679E-5-8.415595497482488E-11i
2.2018846121252134,-4.999999999999999,-0.07083822075742564+1.912653780241207E-7i,-2.3414840272542592E-4+6.322078996637482E-10i,-0.0973598995113063+2.628747275879082E-7i,-2.1922292287724723E-4+5.919086443314536E-10i
1.89036655884219,-4.234902553887333,-0.07930595225029433+2.1412851388034652E-7i,-0.0035864057514386045+9.68340599838154E-9i,-0.10780234089975727+2.9106964098778107E-7i,-0.003143316954549284+8.487052598633245E-9i
0,-3,-0.029855030589115317+8.060950219377479E-8i,-0.04995034528737164+1.3486747086068325E-7i,-0.049680263987243546+1.3413824303121056E-7i,-0.04000516180338046+1.0801516911952926E-7i
0.4587197072379518,-3.5648178449982884,-0.11843886343853942+3.1978857947169763E-7i,0.07235049923972124-1.953485765079538E-7i,-0.14158218775261738+3.8227626798697895E-7i,0.07923054830696259-2.1392492091073764E-7i
1.4142097687615762,-3.439483605285306,-0.10640997624675444+2.873102135366675E-7i,-0.004007202448746278+1.0819570042608253E-8i,-0.13625915246657583+3.679039087530161E-7i,0.0023401373300456336-6.318442872699545E-9i
-0.4404789393242959,-2.099553747547824,0.013697348893875456-3.698326392311157E-8i,-0.09398858390062059+2.537720715948345E-7i,-6.539541619058739E-4+1.7656963804262512E-9i,-0.08033715179661784+2.169127844187229E-7i
-2.8019202100832183,1.2060384741559527,-0.006811452411035373+1.8391131318099413E-8i,-0.014120405213523446+3.8125529017259936E-8i,-0.005951989487425135+1.6070554950929425E-8i,-0.00800290950999838+2.1608102184898157E-8i
-3.033447641085235,-0.31274684266698827,-0.0063195127668620454+1.706287912596139E-8i,-0.03005139241852087+8.113968518156555E-8i,-0.005765690036102268+1.5567540693904845E-8i,-0.019751205561380436+5.332886339799515E-8i
-3.07810497793701,0.12830024253650332,-0.0037503277588468074+1.0126000467548117E-8i,-0.029722068025822987+8.025049917734053E-8i,-0.004053264253915417+1.0943938335370563E-8i,-0.019003162895732197+5.1309125159322586E-8i
-2.885686576999954,0.4916878451188896,-0.003870755836165385+1.04511599857718E-8i,-0.02549879860964164+6.884754166730282E-8i,-0.004297999776413097+1.1604731784534486E-8i,-0.01583962413500937+4.276747306114944E-8i
-2.308105097095673,-1.3320553459730957,0.006521226366022189-1.760751205692999E-8i,-0.02764810923281956+7.465074655355209E-8i,0.002644863264767793-7.1412122827005696E-9i,-0.02007961475850345+5.421557834597578E-8i
-2.6327020393760105,-0.9915737443775613,-0.0016439202002110586+4.438635177070177E-9i,-0.0256261957411504+6.919151784649194E-8i,-0.002858919674203988+7.71917118161276E-9i,-0.01783794429228273+4.816299903860967E-8i
-2.6509216018652286,-0.5384751663757334,-0.005074816373245633+1.3702160523707662E-8i,-0.029128682136663375+7.864833899896784E-8i,-0.005378398926761852+1.4521842769236371E-8i,-0.01955094245079265+5.278814683084611E-8i
-1.7239382308783062,-1.5259460896992478,0.014049090221293655-3.7932976341574366E-8i,-0.04004401156320296+1.0812006466770869E-7i,0.007290420607812752-1.9684360202707923E-8i,-0.030371987631291+8.200530213110822E-8i
-0.9036109648400543,-1.5266050667053852,0.007906464374698136-2.1347697348857216E-8i,-0.06647420574191072+1.7948240306059944E-7i,-0.001517453892765257+4.097172251511269E-9i,-0.052679846657025076+1.4223720863362654E-7i
-4.4633278048881975,4.999999999999999,-0.003417382082825012+9.227036886793958E-9i,2.388932646868458E-5-6.450191731199616E-11i,-0.001991240395658622+5.376410403023672E-9i,1.3771378891099436E-5-3.71831471957179E-11i
3.8106271205822457,-4.999999999999999,-0.0292851618435524+7.907083902749639E-8i,-2.248007142504338E-4+6.069688528514447E-10i,-0.0410053170400454+1.1071561906558806E-7i,-3.206459193899336E-4+8.65753858979533E-10i
4.4633278048881975,-4.999999999999999,-0.008905002192514555+2.4043780214204994E-8i,6.14168609455179E-5-1.658274163410123E-10i,-0.012476066772224273+3.368576457637262E-8i,8.48503362281446E-5-2.2909852141093643E-10i
2.6425934065812084,-4.459389290142111,-0.06701355968017775+1.8093867530725426E-7i,-0.010276214939912551+2.7746096868667575E-8i,-0.0932379737912938+2.517454011791455E-7i,-0.013381060877508432+3.6129276536526055E-8i
3.0607111426151024,-4.999999999999999,-0.0543816676985864+1.46832177865815E-7i,-2.4009135401366807E-4+6.48254051198798E-10i,-0.07582188266120408+2.0472141867249578E-7i,-3.551441497440984E-4+9.589001435621949E-10i
2.5545620846726873,-3.9227706936581526,-0.0767976167661247+2.073559308106219E-7i,-0.01785946714626675+4.8221111407326125E-8i,-0.10775999896288604+2.9095531645399876E-7i,-0.022256862642887083+6.009421469803206E-8i
2.1775813238101893,-3.563779704251265,-0.08635896733293834+2.3317187185246905E-7i,-0.01536322349851508+4.148117666837678E-8i,-0.12059698150526803+3.2561556472683365E-7i,-0.014942848283734942+4.034615063995309E-8i
2.031931198604132,-3.007435895451911,-0.09245136233188282+2.4962152600929985E-7i,-0.021480286727712832+5.799743580673939E-8i,-0.13081756982571233+3.5321146800949747E-7i,-0.01467566880091791+3.962475780661352E-8i
0.3000829905215808,-2.1850033540521347,-0.056345834467528916+1.5213548864278617E-7i,-0.11281077166071246+3.0459255831347595E-7i,-0.07578820926881756+2.0463049947583403E-7i,-0.09633917448561717+2.6011873857788617E-7i
0.8641835652847148,-2.71664560199901,-0.12102134847876174+3.2676136862673634E-7i,-0.06131586332779838+1.6555471965375955E-7i,-0.1469763013810683+3.968405409348207E-7i,-0.04783399352112595+1.291532559033461E-7i
1.5588699163720257,-2.7388554477647213,-0.09935634143599606+2.6826518227954845E-7i,-0.032658449401946864+8.817881934012371E-8i,-0.13310974389239433+3.5940040859374257E-7i,-0.01973239695652107+5.327807958552317E-8i
0.04267378923703497,-1.715298571147989,-0.032022168702170416+8.646084185182709E-8i,-0.10354405965348171+2.795721504580501E-7i,-0.04710579968094444+1.2718711010481582E-7i,-0.08513115727468501+2.2985674687582846E-7i
0.45850969340521625,-1.659914964728425,-0.05165922890417811+1.394815092635776E-7i,-0.08828358747470041+2.3836840551792094E-7i,-0.06935610242255441+1.8726361286733953E-7i,-0.06672185849013543+1.8015107310907212E-7i
-0.3388919304813842,-1.3977048736195479,-0.012753711069523499+3.443541273115822E-8i,-0.07960725819905151+2.1494204922290295E-7i,-0.023707609030692398+6.401127463139994E-8i,-0.061939798266702324+1.672393632074218E-7i
-2.4512708901142166,1.2600674980506987,-0.012849197036891552+3.469322778423225E-8i,-0.016401134324466975+4.4283567868473765E-8i,-0.009889605588846318+2.6702239712330796E-8i,-0.009162940983027178+2.474022289369422E-8i
-2.50784642734674,0.7527875647886072,-0.008905773607504481+2.404586305843372E-8i,-0.022776328946740646+6.149678971918336E-8i,-0.007782581643037261+2.1013210157497827E-8i,-0.013637504328286115+3.6821681752672555E-8i
-2.492073431485386,0.0502113714164173,-0.007037396369457286+1.9001186965425236E-8i,-0.029055816698623466+7.84516000718366E-8i,-0.006979096241297872+1.884377482361723E-8i,-0.01857575168978163+5.0155101738013994E-8i
-0.6073927377284987,-1.0523947363687136,-0.011275046032667458+3.044297158537959E-8i,-0.06371010622784232+1.7201924923203176E-7i,-0.018882679457614338+5.098381616523088E-8i,-0.0464697796453973+1.2546983641797387E-7i
-1.9892940055484132,-0.6775367412788161,-0.0028928702029795096+7.810838655058448E-9i,-0.03476552558758758+9.386798994411959E-8i,-0.005201744648544215+1.4044870776692447E-8i,-0.02392206846857978+6.459032171953847E-8i
-1.161732724790277,-0.9229480326748859,-0.0039412389392269875+1.0641466535079088E-8i,-0.05034171389903255+1.3592417816721034E-7i,-0.009216034729465453+2.488357764448654E-8i,-0.036135851968933846+9.756791338293582E-8i
-2.2409851978158026,1.5573176770314865,-0.01823615391048751+4.923817727352694E-8i,-0.01494166574458585+4.0342957747833215E-8i,-0.013002767098732234+3.510787168151484E-8i,-0.007891476315150766+2.1307229126407856E-8i
-3.8106271205822457,4.999999999999999,-0.011240768430940462+3.035042100489759E-8i,-8.534045273490831E-5+2.3042185106539445E-10i,-0.006546606470715977+1.7676039121373907E-8i,-5.075993000318302E-5+1.3705337453145005E-10i
5,-5,-5.972236315954227E-5+1.6125222011724582E-10i,1.412452508167128E-4-3.8136652787938927E-10i,-8.369373172323336E-5+2.2597565361075705E-10i,1.9781245809047387E-4-5.340997299229778E-10i
2.51817494847383,-3.167641833098044,-0.08901905172536778+2.403541816487055E-7i,-0.021547195412580978+5.8178091316819034E-8i,-0.13098566909085566+3.5366534120323307E-7i,-0.02297466494004342+6.203230301029007E-8i
1.9840746111318546,-2.42917962320402,-0.08489430468219157+2.2921723758049068E-7i,-0.02938457825060664+7.93392663887963E-8i,-0.1266102575424487+3.418515952498545E-7i,-0.012792748862093672+3.4540815973552844E-8i
0.875609834526814,-1.918607238889561,-0.07646776113553962+2.0646531044773587E-7i,-0.08202761407670121+2.2147708464504982E-7i,-0.09986557466777544+2.6964012769089387E-7i,-0.06014826956162189+1.624021805205296E-7i
1.4414647437310328,-2.170156687222118,-0.0860040526381493+2.3221359124435632E-7i,-0.04965945934410911+1.3408206985392087E-7i,-0.11805699902997385+3.1875753380627264E-7i,-0.02843326775832382+7.677069875709632E-8i
0.2311255055347117,-1.2388527383893466,-0.03605576560072853+9.735167772193475E-8i,-0.07640023223425758+2.0628298033423523E-7i,-0.04876863488561669+1.3167681637655584E-7i,-0.05366829470447498+1.4490604880820213E-7i
0.7810828561612944,-1.349432262779011,-0.0532749883330769+1.4384410949068634E-7i,-0.07116441648884439+1.9214611654652228E-7i,-0.07109393121977607+1.919558041489319E-7i,-0.044172874222105384+1.1926812102514713E-7i
-0.11875239375513175,-0.8706953738384219,-0.025923837610551653+6.999516006192583E-8i,-0.06499520579572193+1.754890576493094E-7i,-0.03383882339076211+9.136586546814227E-8i,-0.043480366633202296+1.1739832920429758E-7i
-2.0272913382850364,1.0568615863544628,-0.016287803229448544+4.397757042107103E-8i,-0.02211263932340933+5.970480729303093E-8i,-0.012596443502177793+3.401078545512301E-8i,-0.012405050145525195+3.3494017496812164E-8i
-2.027337412219892,0.5234851091982056,-0.012747852617609818+3.4419594730535645E-8i,-0.02750560718580165+7.426598663722101E-8i,-0.011095756824707209+2.9958885201372326E-8i,-0.016509675165151567+4.457663148163396E-8i
-1.7763975942558288,0.06639873817685465,-0.011676243382015918+3.152621678641646E-8i,-0.033424489847116184+9.024715213787986E-8i,-0.011402122686548218+3.078608246511338E-8i,-0.0210275658241857+5.677507542238133E-8i
-0.5995815001968959,-0.5184592359505803,-0.019012672080589793+5.133480025133855E-8i,-0.052933162540359006+1.4292116932133314E-7i,-0.0229067962990462+6.18490555890959E-8i,-0.03429082868607241+9.25862936882778E-8i
-1.168481324640596,-0.22590566072327672,-0.014310944784197846+3.8639991727134885E-8i,-0.04206771062812988+1.1358411447756838E-7i,-0.015650318643755396+4.225634240371649E-8i,-0.026792477353464312+7.234051412388168E-8i
-2.507209614698258,3.0185355488948407,-0.031164556400109487+8.414526221984703E-8i,-0.008678458450806175+2.3432105133529756E-8i,-0.01903177228179713+5.138637138292893E-8i,-0.004565267362600142+1.2326362499689581E-8i
-2.757845470556843,3.710993098176548,-0.028854614296567164+7.790834738878386E-8i,-0.010262022357299982+2.7707776458443742E-8i,-0.017071256094659957+4.609291728927682E-8i,-0.005764852553669944+1.5565279465534592E-8i
-2.45059420098039,3.3733568803924507,-0.03094938941578823+8.35643047345441E-8i,-0.009316331689789676+2.5154382526732624E-8i,-0.018518386726095914+5.000021456908612E-8i,-0.004941473351915776+1.334213025883969E-8i
-1.627963152775754,1.4353363328945412,-0.023136728489672843+6.246987958622033E-8i,-0.021258685204850487+5.7399104869180003E-8i,-0.01653152118248338+4.463561640133023E-8i,-0.01083975595151812+2.926767495835345E-8i
-2.014557471390817,1.9515737569688614,-0.024052592096166163+6.4942739534449E-8i,-0.01373174661991856+3.707613884295321E-8i,-0.016072167697394522+4.339534784246011E-8i,-0.00676925790356816+1.8277204848245145E-8i
-2.124628197308616,2.5501516980603225,-0.028719352187224056+7.754313552718168E-8i,-0.01019633616600166+2.753042171865446E-8i,-0.018052923371271033+4.8743449173726546E-8i,-0.004878464182518348+1.3172003560644311E-8i
-2.6520218030991374,4.295053275938136,-0.026481443627545034+7.15007134833508E-8i,-0.006205359325020052+1.6754661316802635E-8i,-0.015401446915741369+4.158438107226348E-8i,-0.003428335168410806+9.25661055526876E-9i
-3.0607111426151024,4.999999999999999,-0.02104652896497644+5.6826276486622464E-8i,-9.863255392528192E-5+2.6631093370502565E-10i,-0.012212663501365573+3.29745676316306E-8i,-6.746076933752028E-5+1.8214615515657844E-10i
2.01235390333759,-1.7195981990228486,-0.06427838096547202+1.7355360852779052E-7i,-0.03767074627944156+1.0171217529955895E-7i,-0.10553999414409823+2.8496123506205084E-7i,-0.00438150399607832+1.1830195749748902E-8i
1.3536966317331973,-1.4980540124525454,-0.06306111649754248+1.7026695696985788E-7i,-0.057526502427003544+1.55323328500639E-7i,-0.08918045538898489+2.407899765120709E-7i,-0.02643370791244094+7.137182558219935E-8i
0.5027760943999392,-0.78686827128462,-0.04040136232887633+1.0908492274224197E-7i,-0.06308018042195834+1.703184301529903E-7i,-0.05017866000570215+1.354839276327823E-7i,-0.035126158413281344+9.484170968180695E-8i
1.135749798764376,-0.876323372230632,-0.05015496256754378+1.3541994381982936E-7i,-0.05885023678061635+1.5889745202943616E-7i,-0.0653586691009675+1.7647041976897354E-7i,-0.023041747762079606+6.221342869609911E-8i
0.09945020594133754,-0.22989238741772405,-0.033358945567574134+9.007018056419772E-8i,-0.05292821543692874+1.4290781198968883E-7i,-0.03577856363109915+9.66032238654807E-8i,-0.027716561316010507+7.483556928665139E-8i
-1.3330782697264705,0.6911662852546856,-0.02079339661772782+5.6142811351994565E-8i,-0.030820605753658886+8.321658487996851E-8i,-0.01714061025132559+4.628017564854019E-8i,-0.017038864586828878+4.600545922040559E-8i
-0.525129555788233,0.21129492397426963,-0.02658146660080173+7.177077859207468E-8i,-0.042535326151623636+1.1484669079462745E-7i,-0.02496227234148617+6.739890421703945E-8i,-0.02297078647115069+6.202183102482135E-8i
-1.0335026167604668,1.474562805181787,-0.029077090215235264+7.850903922195784E-8i,-0.02482832851724655+6.703725176582232E-8i,-0.02038015425252783+5.5027044237148375E-8i,-0.011547146175003103+3.117765035099972E-8i
-2.0339289260050126,3.148956899141936,-0.03133342244992701+8.460120575581399E-8i,-0.009557064850107766+2.580436947472932E-8i,-0.018842596098792037+5.087558986175607E-8i,-0.004595916547240425+1.240911624228253E-8i
-2.1763806799878296,3.717469018717436,-0.03085995410607305+8.332282664350127E-8i,-0.007999316990563618+2.159840227176038E-8i,-0.01810453914427561+4.888281335072139E-8i,-0.004051020054774192+1.0937878928563393E-8i
-1.4809855041014777,2.1365560058507396,-0.029153989507808616+7.871666968057485E-8i,-0.016475982965306078+4.4485661504251776E-8i,-0.018808403288022715+5.0783268219459856E-8i,-0.007526773037536659+2.0322519043159E-8i
-1.6196755465467887,2.7919367343146657,-0.031675911753748766+8.552593742558348E-8i,-0.011964633032455384+3.2304877725665674E-8i,-0.019292820656466394+5.209121003542036E-8i,-0.005315338654737908+1.4351578092369753E-8i
-1.7733189191406398,4.29219868612321,-0.032296424586096106+8.720134118613462E-8i,-0.004583052916864634+1.2374384044036645E-8i,-0.018384650031138122+4.963912137330254E-8i,-0.002151234459603505+5.808399303865045E-9i
-2.2018846121252134,4.999999999999999,-0.028995939118303966+7.828992876060324E-8i,8.427362477327523E-5-2.2754138270685497E-10i,-0.0165792538460585+4.476449606325982E-8i,4.5884283448334916E-5-1.2388897865161366E-10i
2.794485165797856,-1.2047459091332966,-0.029407654746217027+7.94015736377493E-8i,-0.031329629514844325+8.459096471426327E-8i,-0.0905555032718038+2.4450264815029384E-7i,0.03378168022247504-9.121157715362337E-8i
2.3746922204440994,-1.2525406226926956,-0.0456980914993101+1.2338625465377959E-7i,-0.03743040010256697+1.0106323321878584E-7i,-0.09103787739395934+2.458050731383463E-7i,0.014707034016941522-3.970944485599567E-8i
1.8510553567267851,-0.983967853022213,-0.050957299701056155+1.375862787941238E-7i,-0.050055319248966175+1.3515090379042453E-7i,-0.07739492486964424+2.0896868108857514E-7i,-0.002784746808982362+7.518902160820193E-9i
1.5343024019942453,-0.4549139092611243,-0.04865447529376972+1.3136858196219823E-7i,-0.05455275381033011+1.472941156373693E-7i,-0.059296975807109784+1.6010366116155206E-7i,-0.00783465069138008+2.1153798191874744E-8i
0.9701820320025908,-0.13671983942840055,-0.04528576879215237+1.2227297064397588E-7i,-0.053032947599688116+1.4319059205512965E-7i,-0.04759550696636213+1.285093348595549E-7i,-0.016214958956376018+4.3780888640006055E-8i
0.32993411279082696,0.5656017349183331,-0.0398920385690449+1.0770973290236278E-7i,-0.04271490171714889+1.1533155035288483E-7i,-0.033332834478212246+8.999967981864063E-8i,-0.01581902983093295+4.271186780578868E-8i
-0.4790553541977867,0.9837497084111072,-0.03210860273648649+8.669421640684856E-8i,-0.03329771871128056+8.990486616628501E-8i,-0.024557527708271066+6.630608124030038E-8i,-0.01497699180318498+4.0438339194174594E-8i
-0.8064496805167015,2.0122172091705117,-0.033979742521190834+9.174635146093398E-8i,-0.02095274146732956+5.657304735410192E-8i,-0.021769992631901575+5.877965067165333E-8i,-0.008584478899246604+2.317835744953179E-8i
-0.47777356201448606,1.6229394547506288,-0.03545130767556908+9.57196227053197E-8i,-0.02627021460738611+7.09303886225876E-8i,-0.02377789943508198+6.420106088835554E-8i,-0.010450200189491936+2.821586240167754E-8i
-1.3905747601449527,3.484255272532337,-0.034356212292777785+9.276283144034672E-8i,-0.009049181456063466+2.4433068666837255E-8i,-0.01984687225469264+5.358716641668735E-8i,-0.0038391914311359876+1.0365935119935449E-8i
-0.8131932261425644,2.6848493134163927,-0.03641175805837062+9.831286832295167E-8i,-0.015341925297710302+4.142367087017652E-8i,-0.021618935268393723+5.837179113726795E-8i,-0.0058953066910007994+1.5917509654621032E-8i
-0.8955435956028002,4.257456183110466,-0.03765897983786418+1.0168040554486617E-7i,-0.004679627915943387+1.2635139516275245E-8i,-0.020639148765545096+5.572633739991646E-8i,-0.0017634030094092294+4.761242442242981E-9i
-1.321917314223537,4.999999999999999,-0.034963297414447404+9.440197996845863E-8i,2.5509023243719398E-5-6.887514849723242E-11i,-0.019387172602585618+5.234596319619544E-8i,1.3013351247574226E-5-3.513644921115995E-11i
2.5389340013933697,-0.6922510100017436,-0.0368484765168442+9.949202161275902E-8i,-0.052213256158961725+1.4097739991679775E-7i,-0.06912769866761839+1.8664691569365116E-7i,0.022199533076825737-5.993942310377327E-8i
2.0076585394206177,-0.3940938454939016,-0.047081641947364264+1.2712188348003971E-7i,-0.05474171063983022+1.478043048973193E-7i,-0.05982953714410165+1.6154159317553083E-7i,0.004841306876051843-1.3071677688650865E-8i
1.6843975777547417,0.09945543195996585,-0.05082838760045467+1.3723821215171295E-7i,-0.053858302443415614+1.4541907555600491E-7i,-0.048156384161579135+1.3002372056293578E-7i,-0.0019777781098209574+5.340061816600301E-9i
1.1947114707805966,0.5611682425087208,-0.0501046391918083+1.352840691552643E-7i,-0.04692714079975029+1.2670472562249246E-7i,-0.03973325527313032+1.0728101311251096E-7i,-0.007863600288651526+2.1231962996214305E-8i
0.8413766682774192,1.0993381477663324,-0.04887505267815913+1.319641476943328E-7i,-0.03845273034524323+1.0382355636411999E-7i,-0.03324923407336189+8.977395615046175E-8i,-0.008675437879049957+2.342394949674851E-8i
0.20800332251986364,1.4702733486140265,-0.042546174711640954+1.1487598224082653E-7i,-0.030930819951518917+8.35141666090385E-8i,-0.028118595490302333+7.5921073940806E-8i,-0.009798964375543466+2.6457505644462148E-8i
-0.20431486580073316,2.1297530259574806,-0.04022453204717341+1.0860747553486628E-7i,-0.02207423181420441+5.960110583512966E-8i,-0.024459754589783306+6.604209080874495E-8i,-0.007545199533895995+2.0372271150906274E-8i
-0.4219204634065754,3.4970223745379463,-0.04057755708190849+1.0956065400262812E-7i,-0.00987018616839779+2.6649806678959017E-8i,-0.02222548159869849+6.000948491210281E-8i,-0.0032792766888328495+8.854148069062891E-9i
0.08242578309895236,2.798338644822168,-0.04433466537879229+1.1970496213173948E-7i,-0.015985054265373295+4.3160138892709E-8i,-0.02444696568846569+6.600756038126164E-8i,-0.004621595534881053+1.247845029988332E-8i
0.009315622270117683,4.251306652965941,-0.043481014944625786+1.1740007966510791E-7i,-0.004587993954077339+1.2387724996707115E-8i,-0.022568328627436463+6.093518245017101E-8i,-0.00129411829003942+3.4941592449074746E-9i
-0.44063910473952195,4.999999999999999,-0.04050759157360203+1.0937174497510993E-7i,-1.8863606635906766E-5+5.093231896200532E-11i,-0.02146750342910375+5.796292050674072E-8i,-6.582592827579041E-6+1.7773203392754025E-11i
2.992218531800063,-0.3278836787342677,-0.028953301347580524+7.817480546631079E-8i,-0.07131241244906188+1.9254571019772564E-7i,-0.05174188263492011+1.3970467688250482E-7i,0.03576710144733623-9.657227561626143E-8i
2.4034313939389236,0.03151520050372231,-0.04900368420720503+1.3231145678490783E-7i,-0.0631160975347863+1.7041540746395698E-7i,-0.04745716469891771+1.2813580647619633E-7i,0.013715903300855497-3.703336139346592E-8i
2.0035046638199656,0.7061453694740931,-0.05999089937398288+1.619772761665396E-7i,-0.053727957988722416+1.4506714151342338E-7i,-0.037926416145118214+1.0240249181210148E-7i,0.0020084234506099635-5.422805180681536E-9i
1.514461943330354,1.1392019500827495,-0.05841744137819288+1.57728891111803E-7i,-0.04206718473587615+1.1358269455227978E-7i,-0.034700681339319965+9.369290847644498E-8i,-0.0036016677796208985+9.724613944574294E-9i
0.9630693261593093,1.6655351203264113,-0.05312691463797519+1.4344430595290152E-7i,-0.031191294135577172+8.421745492919245E-8i,-0.030614411070930145+8.265985288532813E-8i,-0.005855629669872867+1.581038047543189E-8i
0.5800016923112317,2.1882168063803302,-0.04915455315462875+1.3271880759005387E-7i,-0.023229766663268796+6.272108552072137E-8i,-0.02743750076274834+7.408209719713786E-8i,-0.005503474462948216+1.4859550569550502E-8i
1.7006657225800679,1.6769115419250054,-0.06554136019747991+1.7696369135685507E-7i,-0.034049496306926295+9.193468883099663E-8i,-0.031787748852155705+8.582790103612323E-8i,-0.0025529392709622753+6.893014667965493E-9i
0.4665457075541994,3.5078227850009562,-0.0474789336663185+1.281945833587112E-7i,-0.009434907294109887+2.5474540310801393E-8i,-0.02426087361231326+6.550510604359184E-8i,-0.0021890867701506813+5.910601708283132E-9i
0.8874358540781557,2.782367563639901,-0.05294263564889231+1.429467470061637E-7i,-0.01590438146381608+4.294231984359798E-8i,-0.02672525184091944+7.215900316930921E-8i,-0.0029608737737777855+7.994450390881057E-9i
0.9068120850709122,4.2455385751462815,-0.048941096276693706+1.3214246744467617E-7i,-0.003432510647161389+9.267884476506885E-9i,-0.023828190069670463+6.433684715081718E-8i,-4.6741229137588675E-4+1.262027584081021E-9i
0.4406391047444922,4.999999999999999,-0.04571707845196663+1.2343752001079393E-7i,-6.60025131126174E-5+1.7820881843106563E-10i,-0.022929949164677537+6.191156903946192E-8i,-2.2015752977240972E-5+5.944321117165514E-11i
3.065317546428319,0.20616990732816898,-0.04839720986342616+1.306739573759052E-7i,-0.08525637415129354+2.3019483629963787E-7i,-0.03340485190743553+9.019412909584813E-8i,0.028587305590706522-7.718660564923701E-8i
3.502624666377682,-0.03455789859939719,-0.027142388374189457+7.328528465789471E-8i,-0.10500404378817525+2.83514152592573E-7i,-0.030941277919111294+8.354240344366393E-8i,0.04897260088942109-1.322275308694413E-7i
3.818227950828984,-0.31294348440714204,0.004399782713203812-1.1879548849006093E-8i,-0.11814274558675616+3.189890521507729E-7i,-0.03462558643115279+9.34901499112992E-8i,0.06847954426228546-1.84896878834607E-7i
2.6596936136747464,0.5751534841845436,-0.06314010348820828+1.7048022427763264E-7i,-0.06984102079977199+1.8857290742241092E-7i,-0.033011468466411016+8.913198168797875E-8i,0.012690912392499004-3.426585436884884E-8i
2.5176460271922783,1.0100763637718886,-0.07359414900150159+1.9870646917201414E-7i,-0.05958769942982957+1.608886238978461E-7i,-0.030385370284252367+8.204143570632455E-8i,0.00436313693933642-1.1780604130792967E-8i
2.1988054375564072,1.3984188160996798,-0.07392113511292056+1.995893417447681E-7i,-0.04468166808894917+1.206418801376424E-7i,-0.03158000198458873+8.526697809461676E-8i,-2.45470605787746E-4+6.627781966869648E-10i
2.204624553716901,1.7795649604031147,-0.07796670209025597+2.1051249719628038E-7i,-0.034642898358033594+9.353689264712579E-8i,-0.031243729915139906+8.435903314915657E-8i,-0.0016157348343585024+4.362533821095686E-9i
1.4365811810940334,2.300688547338878,-0.06155819072195829+1.6620901108222804E-7i,-0.021860732902290254+5.902465219671472E-8i,-0.02941113198759056+7.941096229656937E-8i,-0.0025702001813489267+6.939619657686165E-9i
1.9858367865603563,2.052268813054736,-0.0730397147433646+1.9720947959720634E-7i,-0.026623147813275756+7.188331914963523E-8i,-0.030967983006781004+8.361450800295212E-8i,-0.0017239857091038257+4.654814517282092E-9i
1.3770649283458716,3.472230689878294,-0.05532361940062236+1.4937547647558166E-7i,-0.0065147855988880255+1.7590121787285575E-8i,-0.02587933799979043+6.987500974218456E-8i,-2.856110309463279E-4+7.711585810318843E-10i
1.539517375478376,2.814402063598918,-0.06142548145862341+1.6585069198347808E-7i,-0.013097009220232525+3.5362328312445726E-8i,-0.028199042399796766+7.613828307439732E-8i,-0.0010639674294784629+2.8727448322214696E-9i
1.863421487721923,4.255980513505209,-0.052122117884813635+1.4073132376933168E-7i,7.260657665978546E-4-1.9603999342994336E-9i,-0.023761022075396546+6.415549149734718E-8i,0.0012647930594633292-3.4149802190675936E-9i
1.3219173142285074,4.999999999999999,-0.04929484039975544+1.3309758747306722E-7i,-1.8581615520272635E-4+5.017093426087236E-10i,-0.023364178848236272+6.308400256033636E-8i,-6.305972642593287E-5+1.702632037337641E-10i
3.153893021704204,0.6485494128142211,-0.07006608232549552+1.891805804742856E-7i,-0.0898623091983751+2.4263100280008057E-7i,-0.020329058590915428+5.488908437693565E-8i,0.01941934871544195-5.243283969200498E-8i
4.4197643363969465,-0.15590030165558366,0.005549262613887662-1.4983179987471874E-8i,-0.17801315952250998+4.806410139228733E-7i,-0.013666314694768523+3.6899470629589176E-8i,0.08975571140310384-2.4234318546937166E-7i
2.732399161897152,1.3293093396400648,-0.08754253003925165+2.3636752761595462E-7i,-0.05675001286467372+1.532267827647013E-7i,-0.026707817422515857+7.211192970260807E-8i,3.7853248059216416E-4-1.0220493572564663E-9i
2.437438936088915,2.056542983742623,-0.08622995491940777+2.3282353436205965E-7i,-0.026353954186650597+7.11564880659658E-8i,-0.031718133855428536+8.563993840066487E-8i,-0.0018784711226990474+5.071929892490299E-9i
2.043082043870802,3.5647856450065345,-0.05970494983611531+1.6120520360639715E-7i,5.72478570348045E-4-1.5457097735824734E-9i,-0.026281938412235844+7.096204325679626E-8i,0.0022278081394914774-6.015150598206591E-9i
2.083073058009904,2.494173207947209,-0.07380761604541526+1.9928283676584652E-7i,-0.015300255760761855+4.131116183689871E-8i,-0.030576932333019623+8.255865913853663E-8i,-4.7568545040003817E-4+1.2843653682788806E-9i
1.99292354618968,3.0608741298560824,-0.0658105226329024+1.7769043822331492E-7i,-0.0054230275210891965+1.4642341348585326E-8i,-0.02843962912837165+7.678787465216847E-8i,0.0010940222174501597-2.9538936854934027E-9i
2.477161531008453,3.800784294778918,-0.056994703790605505+1.5388745580175048E-7i,0.008311610688544413-2.2441604875676524E-8i,-0.024737114302208207+6.67909705756099E-8i,0.004667245361875988-1.2601706238887984E-8i
2.7043960506711553,4.293661811013652,-0.04786609419846771+1.292399287209415E-7i,0.008583935968828782-2.317689152068123E-8i,-0.021049863982921697+5.6835281137800454E-8i,0.004183761058503377-1.1296283727360786E-8i
2.201884612129863,4.999999999999999,-0.04827498516052544+1.3034394691327578E-7i,-2.470389162838593E-4+6.670126833276277E-10i,-0.021848821371132237+5.899249069568407E-8i,-9.467249251778516E-5+2.556186459257602E-10i
4.999999999999999,4.440892098500626E-16,2.5723346078295367E-4-6.945382674869376E-10i,-0.2062086720079773+5.567697661198379E-7i,-3.7620971253438107E-4+1.0157778119689146E-9i,0.09917863540331258-2.677853705175348E-7i
2.506069003670593,3.23255158572041,-0.06967668836697938+1.8812920479207065E-7i,0.006278159320553829-1.695122354714163E-8i,-0.028988213751763914+7.826907003299357E-8i,0.004491606583186851-1.2127476126346463E-8i
2.8857892273343735,3.8184465179152163,-0.05441736715060815+1.4692856748589486E-7i,0.017036667285603067-4.59995264394102E-8i,-0.02337602184586786+6.311597901873345E-8i,0.007888294014287844-2.129863681605839E-8i
3.2289084305630147,4.3597860578804815,-0.03807829412949716+1.0281256704811212E-7i,0.013728536537682457-3.706747152203331E-8i,-0.016639932931001977+4.492833146166107E-8i,0.006139669316366436-1.657729627003056E-8i
3.0607111426169022,4.999999999999999,-0.03820564995247766+1.0315643169300567E-7i,8.634249847444542E-5-2.331274054275129E-10i,-0.016864837109800107+4.553557967197678E-8i,3.137351207603556E-5-8.470944898079235E-11i
3.8106271205825033,4.999999999999999,-0.020884941156656216+5.638998442688423E-8i,2.5114002679266223E-4-6.780858080249631E-10i,-0.009155700239173966+2.4720672662260378E-8i,1.067480934398753E-4-2.8822314037277664E-10i
4.463327804888196,4.999999999999999,-0.006486849327945132+1.7514692995233196E-8i,-2.4850316790003824E-5+6.709662077919808E-11i,-0.002842799809118418+7.675647049351857E-9i,-1.11614436938412E-5+3.013624177057086E-11i
5,5,1.5565992617094793E-7-4.2028658538037196E-13i,1.227552532023779E-5-3.314429647990548E-11i,8.369656279150206E-8-2.2598329245965428E-13i,5.3661847692620945E-6-1.4488864156180886E-11i
