% Model,20260626_TI_field_CompactXY_X05_Y05_leadField.mph
% Version,COMSOL 6.3.0.335
% Date,"Jul 1 2026, 16:01"
% Dimension,2
% Nodes,328
% Expressions,4
% Description,"Electric field, x-component, Electric field, y-component"
% Length unit,mm
% x,y,ec.Ex (V/m) @ idx=3,ec.Ey (V/m) @ idx=3,ec.Ex (V/m) @ idx=4,ec.Ey (V/m) @ idx=4
-4.750054315260562,-4.714792284002344,392.9034819135777-6.199781513920129i,-526.3591879269079+8.305632587139826i,257.1472110068207-4.057628905173601i,-344.47873927726323+5.435668091566754i
-4.509569930730237,-4.438937427344177,399.01454520004336-6.296210430776682i,-1478.2227353265662+23.325469001419208i,261.16815699878134-4.12107702353984i,-967.4865292448558+15.266357706371366i
-5,-4.500000000000001,-55.455942918444634+0.8750615496401224i,-664.1733884646528+10.480258092335816i,-36.29383810532454+0.5726950177654544i,-434.6723301632301+6.858868911076115i
-4.055568100060556,-4.622870566580899,2468.597047647477-38.95298221020015i,-1635.0912412275368+25.800760027761708i,1615.9848477877422-25.499272587972975i,-1069.1693547198597+16.870851763264493i
-4.0367080448186465,-4.252731756168891,2151.4836893481065-33.94912343291594i,-3731.790686991704+58.88542092404156i,1410.7740651977122-22.26116940252564i,-2445.193015885232+38.58368061285947i
-3.5917588573475783,-4.57305447937118,4801.199556906248-75.76005209355931i,-1961.4966119020344+30.951241192477937i,3144.639546691744-49.62052775543108i,-1273.047233166988+20.087922520020886i
-3.603143032659244,-3.931359707687619,5846.117432519173-92.24823004818512i,-5801.990303728053+91.55193039716539i,3856.5915402965165-60.85470360759503i,-3822.177178396505+60.31166559815421i
-3.1476946008306648,-3.981152411716614,8081.939769672735-127.52816680711771i,-3886.8316997753254+61.33187520404808i,5379.019559497839-84.8777055004217i,-2508.5459959028567+39.5833526759591i
-3.2702817135208733,-3.5040292074535047,10195.908758038804-160.88533073763455i,-5872.669614351871+92.66720756723896i,6848.773293763061-108.0695387397784i,-3937.874374946692+62.13729803309775i
-2.856811142119096,-3.4798389949070527,10600.09978504265-167.26322294947198i,-3873.090840016614+61.11505267067641i,7228.323538050063-114.05861416529869i,-2512.4808878137146+39.64544291249949i
-3.0730613507732762,-3.03563741665075,12381.802435102407-195.3774231579648i,-3467.120190129822+54.70907907608771i,8489.123507980665-133.95328221009538i,-2375.1664289955575+37.478703032188385i
-4.61344003192662,-0.16549389530021477,-1071.8664966068511+16.913411046093415i,-17015.85865494271+268.5000535461427i,-733.6594274190624+11.576706150499376i,-10992.365390403836+173.45293915361003i
-5,-0.5,-319.1303613407945+5.03568587667678i,-20266.88231665243+319.7992588903953i,-201.5819933738385+3.1808430660121303i,-13104.044874247273+206.77397607462512i
-4.471183362850836,-0.5711783482462016,-4535.769138662096+71.5717191415409i,-17184.42145062199+271.159873457872i,-2954.456916692652+46.61955981288869i,-11174.872802750795+176.33279676064012i
-3,-2.5,10032.736881045663-158.3105762924682i,-178.18942980676525+2.8117224299189574i,6863.2395484912995-108.29780757109468i,-126.89599983172222+2.002342840314155i
-2.5372468196646016,-2.795824249754458,10535.387304977177-166.242098790249i,-3404.199373776662+53.716226296658924i,7358.844663305936-116.11815931261485i,-2371.294539748568+37.41760693994149i
-4.010119121164178,-0.7621461955287434,-6565.239975897635+103.59555287912741i,-11902.920573393196+187.8209543297603i,-4369.535701789428+68.94865511600807i,-7901.419639264015+124.67966731827403i
-4.155457860434781,-0.19377970513431628,-1807.0953618160524+28.514881984500075i,-13790.259721503046+217.6020351792994i,-1297.210602119852+20.469206003226255i,-8936.318034449785+141.00974387549874i
-2.5679989877133935,-2.3282988480389517,8019.440948400195-126.54197285720109i,-3367.3304237285097+53.134456357041934i,5488.521821434772-86.60558557921756i,-2493.0746662408123+39.33922436443029i
-3.0711783482458297,-1.9711833628521929,3532.065652331534-55.7338795538312i,685.4744312707371-10.816375784088166i,2166.357496255814-34.18382319342129i,397.127403801529-6.266432470301027i
-4.695757810226217,0.20803343022835125,850.3385705498571-13.417833114092081i,-17432.774631069777+275.0787378302728i,516.4577373580017-8.149393630194663i,-11211.962223975808+176.91804560330857i
-4.47118336285198,0.5711783482458883,4374.608881924018-69.02870685863343i,-16659.943218114066+262.883921220149i,2789.781405344489-44.021078918598164i,-10642.292742865735+167.92900254158326i
-5,0.5,286.4370104805421-4.519804390198715i,-19954.696218907455+314.87314933220387i,188.4789360791765-2.974084673353218i,-12823.524017352232+202.34752504300582i
-3.2621461955302204,-1.5101191211615839,-2511.8245272040854+39.63508593535804i,-1642.9858054280048+25.925331520350635i,-2019.7504012662878+31.87045108253278i,-1290.138491248421+20.35761233133212i
-2.736849892955404,-1.5293087767871272,1450.7341519866168-22.891715627673648i,-4454.392885968904+70.28765063528878i,664.9770316606688-10.492939100432826i,-3248.129071451787+51.25353044444296i
-2.9705039194686265,-1.1701978282726304,-1411.2407780239057+22.268533851256887i,-5311.558394217864+83.81320873552447i,-1309.1364592626876+20.65738888287433i,-3727.6792072103367+58.8205442367126i
-3.5857864376265325,-1.085786437627277,-6076.471063464036+95.88307231487545i,-6258.350211704317+98.75301629077202i,-4252.857680911824+67.10754586088024i,-4358.720345813903+68.7779952793394i
-3.5210194736543903,-0.5953672284455899,-3554.817304581644+56.09288699336787i,-8987.848137689192+141.8228580273924i,-2602.2545513006626+41.062017529265894i,-5974.308717444722+94.27101171113634i
-4.068858764458902,0.28580918677520606,1709.7006987366233-26.978052560717213i,-12724.520599751608+200.78531043684396i,951.5456196779875-15.01481970531836i,-8129.067466417479+128.27181362247134i
-4.01011912116503,0.7621461955282576,5813.632372772961-91.73563527066624i,-10587.763601018405+167.06856535749262i,3612.029017473144-56.995653541116404i,-6595.59799045562+104.07458415808951i
-3.694091281579509,0.4930330998735817,2130.5700269998947-33.61911837267244i,-9431.603234941611+148.82504756067783i,1117.6644168051414-17.63607478436745i,-5930.814325030388+93.58469626098379i
-3.585786437627587,1.085786437626223,4257.10903337397-67.17462965529865i,-4576.55116227371+72.21523503724256i,2409.8740695347933-38.026368802819775i,-2615.6980921429204+41.27414854829692i
-3.0856463098995492,0.959383736709868,0.9585889505154531-0.01512595924202742i,-4930.839062526768+77.80568581129849i,-418.8969932514022+6.609943547321659i,-2918.8501507859132+46.05770638271747i
-3.2621461955296036,1.5101191211626674,118.10488733732927-1.8636243528477507i,-346.25544482825353+5.463703440548784i,-376.55497735705285+5.941811908161867i,40.80746996030939-0.6439174238404348i
-4.623131558146787,4.710314164267325,-477.18868756144366+7.529751554718177i,-544.7638748437806+8.596047518469367i,-278.01214801637104+4.38686510875632i,-317.38622891212+5.008164512042185i
-5,4.500000000000001,52.79862123102066-0.8331306057002621i,-512.0172531528515+8.079325450203214i,30.761418870388297-0.48539675730035015i,-298.3099998902471+4.707153048697819i
-4.509569930729843,4.4389374273440785,-308.2953899655452+4.864716520765644i,-1186.8703191916381+18.72810245533886i,-179.62081402204544+2.8343088151386837i,-691.5009994975408+10.911471419534791i
4.158704686759773,-4.630577461093775,-4278.447813356756+67.5113428170642i,-3233.5693916593323+51.02378742159889i,-5993.616666757512+94.5756795818185i,-4529.05684682853+71.46580319846093i
4.509569930729843,-4.4389374273440785,-808.2523148428785+12.753737217443662i,-3105.311780359111+48.99995916821293i,-1132.281170893344+17.866718405424763i,-4350.183984932742+68.6432966197217i
4.036708044817469,-4.252731756168243,-4528.400454084855+71.45544571429446i,-8000.168121143593+126.23785919151942i,-6347.7455908065995+100.16362180664994i,-11212.584517676849+176.9278650250708i
-3.07117834824588,1.971183362852011,-4643.226734795833+73.2673356191533i,1101.4663404378516-17.380478845299496i,-3303.3964605936294+52.12561672848553i,805.8818162906246-12.716332170701738i
-2.6954786473445793,1.5732438734541765,-3568.6311050174077+56.31086048692102i,-2537.1925031503974+40.03537739511961i,-2649.22997460742+41.80326156103279i,-1320.8733459632288+20.84258992217582i
-3.0730613507736746,3.0356374166521833,-9928.695955398189+156.66887282782736i,-2647.606530818186+41.777644590818454i,-6016.21869902694+94.93232610771491i,-1600.5588584087818+25.255859718933152i
-2.7674153405698663,3.3589865044232114,-8587.422446144501+135.50438055286432i,-2866.341655190531+45.229153785709286i,-5146.945960153127+81.21572316297143i,-1615.8931921961034+25.497826317662675i
-3.270281713519922,3.504029207451866,-8228.271047829418+129.83718669364544i,-4706.861000256129+74.27144619798545i,-4863.250046140849+76.7391716325667i,-2778.632172716547+43.84515070843952i
-4.185727164528926,4.612633393992548,-1530.6364970590585+24.152526754839716i,-1277.5153967555968+20.15842746409516i,-891.8126852575127+14.07226979258212i,-744.2359756477827+11.743597744000548i
-4.036708044817469,4.252731756168243,-1730.1239470541962+27.300319181398816i,-3069.8094469862795+48.43975362081952i,-1008.5107164965206+15.913694799198916i,-1789.2273888513155+28.232936077728635i
-3.7102709181482605,4.441488414147109,-3468.152058720579+54.72536134413917i,-2301.2763045303127+36.31276114364166i,-2021.9971545239387+31.9059035026735i,-1339.515000437015+21.136744059561913i
-3.603143032659477,3.9313597076878475,-4785.157022058581+75.50691050646272i,-4879.645189219416+76.99787716624785i,-2797.7545423185416+44.146890242485746i,-2851.2100267116234+44.99038575528448i
4.617727062592957,-4.713902977687571,-1264.425825795805+19.9518818777271i,-1414.5465139256617+22.320696382985442i,-1771.2252208318794+27.94887265343841i,-1981.5430909612683+31.2675626200471i
5,-4.500000000000001,139.142213554529-2.1955807548456505i,-1331.7999494296382+21.015005177569947i,194.91762212480535-3.0756832810479864i,-1865.648230522871+29.438811167376116i
3.6831076205929074,-4.440921751091393,-9379.390777312956+148.00116626539818i,-5945.411150494724+93.81502542029727i,-13150.406518957214+207.50553504790966i,-8316.315002210731+131.22646753718337i
3.603143032659477,-3.9313597076878475,-12584.313974823328+198.5729339083451i,-12784.351697896549+201.72940931434914i,-17710.876144631253+279.46701307379016i,-17976.22863842225+283.65411642462794i
3.270281713519922,-3.504029207451866,-22193.09843335729+350.1937950090211i,-12686.5293537971+200.185831340335i,-31735.454247616915+500.76645190758404i,-18100.422600671027+285.61382273097564i
3.1955672526835803,-4.102641167013386,-16097.020709703997+254.00134134478697i,-7750.056415577516+122.29124634646286i,-22683.465105933265+357.9314872709051i,-10730.003295236194+169.31302250117585i
2.79791799334132,-3.371698075226224,-23893.433860248093+377.02406919172984i,-7390.769921885413+116.62192076313822i,-34807.01443397098+549.233831146567i,-9636.318451731928+152.05533101475413i
3.0730613507736746,-3.0356374166521833,-28066.171156811906+442.86736339634353i,-7544.423521189514+119.0464824897831i,-42029.61598592666+663.2021557999586i,-11240.87091649235+177.37420744893507i
3,-2.5,-26013.006281898288+410.4696519418235i,-62.71678917177875+0.9896333527664561i,-44591.62950323095+703.6291939254671i,128.51929007998356-2.027957387746634i
2.5992809986781777,-2.663821254213204,-24263.744001254687+382.86734132423027i,-4290.023367033306+67.69399811794017i,-38653.550940287394+609.9298723430014i,-2852.623274397498+45.01268595695458i
-3,2.5,-8686.22259857897+137.06338775649283i,4.738134624766341-0.07476492525559782i,-5542.497766418259+87.45729364825327i,11.376608832836306-0.17951607043717863i
-2.5755567571764804,2.6105785163118904,-8064.501432965481+127.25300030306045i,-1732.806765023027+27.34265244137934i,-5074.261109050034+80.06879976587784i,-868.1331318740316+13.698620629152098i
-2.5393022317389864,2.025737675188931,-5897.000280237842+93.0511308957931i,-1923.7709267069586+30.355952485603535i,-3963.8059043345056+62.5464820284631i,-920.3615172267558+14.522753254377026i
-3.19409312874427,4.102302737802361,-6096.765525775508+96.20330676956446i,-3036.5544524530565+47.915009733725185i,-3570.066145580398+56.333504567113664i,-1755.5533110245917+27.701579307384037i
3.07117834824588,-1.971183362852011,-15845.023076737882+250.02496969542904i,3849.4818298776277-60.742516637370805i,-38690.24416514993+610.5088694444651i,10296.423648222917-162.47139547545444i
2.5185815477752165,-2.116039672158765,-19374.990047308947+305.7257333086377i,-4319.011976654762+68.15142100757154i,-35055.52922511041+553.1552456388393i,1793.1846073497666-28.29537861444617i
3.2621461955296036,-1.5101191211626674,-2910.896359811515+45.93220032710212i,888.7576828743331-14.02406368555171i,-29807.66653280888+470.3471169125961i,16684.385622407048-263.2696077138347i
2.697240723864175,-1.5981085767550116,-12569.697703412972+198.34229790366135i,-5011.819089525888+79.08350211351232i,-30017.204301192152+473.6534973411079i,7007.601532673342-110.57575317871571i
3.585786437627587,-1.085786437626223,9706.210938042597-153.1581925686625i,-10629.997555468275+167.73499185184073i,-20657.86151669471+325.96867638942064i,20546.473756770953-324.21104428219405i
3.079262465810001,-0.9537005211283985,-3322.106152187322+52.420844450837954i,-11891.872362453063+187.64662018130517i,-21044.93193694703+332.07641568554317i,12768.113704135108-201.4731835027013i
4.01011912116503,-0.7621461955282576,16436.59531089008-259.35962507588727i,-30209.15754908538+476.68240457305785i,-13544.973897258697+213.73157184981307i,23896.422515894505-377.0712283870073i
3.6561445304691076,-0.5324168299793465,3436.379907408527-54.22401583456482i,-25750.917936482838+406.33405489647004i,-13075.501729679198+206.32358235660035i,18161.70691919118-286.5808525551964i
4.184973675120752,-0.3184056148543717,4735.2582341901425-74.71953753361962i,-41939.106474106164+661.7739699373989i,-7059.472510078803+111.39424612069725i,23063.85211445721-363.9337663346929i
4.47118336285198,-0.5711783482458883,13351.69184406173-210.68169686640977i,-51289.46452847538+809.3170172313826i,-7606.201373540622+120.02129998213218i,28452.523237127192-448.96376771867364i
4.700661355396367,-0.22047228153868229,2322.7091792687834-36.65095906427623i,-54926.884080032745+866.713318186142i,-2323.9489957517335+36.67052262547927i,27476.70400311923-433.5659249241621i
5,-0.5,950.9185698543733-15.004925234836719i,-62556.477367787214+987.1037285579941i,-307.73149344089325+4.855818571491i,31639.2797778573-499.24887640317866i
4.471183362850836,0.5711783482462016,-14950.570878941808+235.91104997662856i,-56117.861737096486+885.5062319719574i,5986.4459785279805-94.46253041828686i,23171.62405257512-365.63434294044424i
4.010119121164178,0.7621461955287434,-23673.31364321349+373.5507040645992i,-42435.6773730855+669.6095611743249i,6201.108840832341-97.84978175787244i,11743.353922062865-185.30308818528525i
4.069093966972013,0.13112722892447284,-7220.694208183784+113.93822791155509i,-41792.61060531439+659.4623529092896i,-2483.8113172463472+39.193054267963646i,18688.69645751378-294.89643169386903i
3.5857864376265325,1.085786437627277,-29137.79562337276+459.7769553533385i,-29526.204359430296+465.90581247092905i,1066.7212306850415-16.832221832921732i,1654.8639662841815-26.112761781176687i
3.5621799412635005,0.47476706914057587,-16694.84691409253+263.4346806281479i,-31783.976301937877+501.53210084998483i,-2918.0921548614183+46.045745661227556i,9811.984915778905-154.82724255677158i
4.58912939919267,0.16348284220540504,-4387.561156332522+69.23308598770684i,-53867.75928344261+850.000963531406i,333.11809700671193-5.2564039639278235i,24974.417443703194-394.08134240524856i
5,0.5,-976.4464719182579+15.407740232897595i,-65024.552584865785+1026.048476594467i,635.8408169469621-10.0331870908758i,29750.574694664334-469.4462419165386i
3.2621461955302204,1.5101191211615839,-31919.019481553274+503.66300130542686i,-18232.026741522837+287.6904572154298i,-5117.155969946994+80.74565496790706i,-2566.852274818353+40.503390819681954i
2.996935621683732,1.0328876484981582,-23318.928960556426+367.9587261221932i,-20497.42682430996+323.43711307726215i,-5823.5886904275685+91.89273999735497i,1782.1420961406257-28.121134404322827i
3.0711783482458297,1.9711833628521929,-31851.73060620681+502.6012231724144i,-8587.860320748048+135.51128995172485i,-9116.022396244342+143.84537102439378i,-2287.9988757369283+36.10325127321062i
2.733782646792165,1.6990886554597011,-26179.589836178744+413.098240610272i,-11632.22648296713+183.54956378474054i,-8047.5361904822785+126.98529894235836i,-870.2403936959469+13.731871958017155i
3,2.5,-28900.008429749305+456.0248159217679i,-73.50713438280475+1.1598985345402113i,-10507.055042279002+165.79503266173788i,36.724338186296485-0.5794880510850504i
2.6410336493209745,2.3828527023205766,-25161.020012418863+397.0258191259345i,-3434.622499843378+54.19628499623077i,-9217.933972452209+145.4534746307951i,-166.94829723580625+2.634344093719028i
3.0730613507732762,3.03563741665075,-23426.033312849693+369.648768623621i,6259.315005090222-98.76824015228135i,-9512.022535496959+150.09401593557925i,2570.2551377382697-40.55708595753913i
2.5679235210362936,2.7750471633987774,-22466.000275739945+354.5000225569751i,-320.79663800697017+5.0619787240211735i,-8849.58156643919+139.6410943834043i,633.6748772443437-9.999009860219i
2.8435450908335094,3.4604466926302324,-17916.257888483564+282.707813925502i,4829.558684638119-76.20754213616911i,-7538.836805324249+118.95832746101999i,2268.3182669156986-35.79270305878244i
3.2702817135208733,3.5040292074535047,-16622.72393757684+262.29662327531895i,9468.424845156405-149.40607050607832i,-7093.2446606000285+111.92715041937126i,4054.186699729773-63.97263682294414i
3.1390074544558697,3.977744259156109,-12784.338214291392+201.72919655113222i,5723.651353408268-90.31578870242757i,-5529.625528107909+87.25417744087083i,2552.6201970219-40.27881716004922i
3.603143032659244,3.931359707687619,-9110.768402624699+143.76246615335404i,9020.08116688289-142.3314759138159i,-3966.4743396405756+62.588588338660344i,3932.0110890427604-62.04477889486009i
4.0367080448186465,4.252731756168891,-3313.0127440925767+52.27735591994527i,5750.519840408701-90.7397573274501i,-1449.7679261978385+22.87646916369249i,2517.7934989214737-39.72927273242177i
3.595391512838228,4.557619518750758,-7379.614869501832+116.44590072072465i,3108.2167181817736-49.045797346377036i,-3231.8029437942+50.99591393275896i,1370.7424345943582-21.629494258860177i
4.057966893371924,4.618623894557325,-3774.4886312000717+59.55916889872428i,2540.53331740184-40.08809344218954i,-1653.809977269196+26.09613046609354i,1114.0587952609385-17.579180236918422i
4.509569930730237,4.438937427344177,-612.8902046306175+9.671040180705177i,2273.421939438078-35.87323595304656i,-268.56800373326405+4.237842170968861i,996.2536582914872-15.720285765267477i
4.7493901813053485,4.7137058470364,-605.017409150576+9.546812185474892i,813.7464168370352-12.840430854819942i,-265.13316599190875+4.183642489601425i,356.6127928364949-5.627136185942959i
5,4.500000000000001,85.31424774238258-1.3462077084582234i,1021.4128501588712-16.117282737347523i,37.38746816501953-0.5899518448195522i,447.6194699454063-7.0631670188313365i
-5,-5,-3.2178442578442628+0.050775654225162725i,2.832588940538699-0.0446965561820889i,-2.0974174867442343+0.03309599114618322i,1.8464441967516905-0.029135783029687445i
-4.420360695475163,-4.999999999999999,1269.4846422361297-20.031706969866832i,-10.520858788680925+0.1660128475059537i,830.8650209509942-13.110552170123583i,-7.0128770550800255+0.11065899775860544i
-3.716795874311498,-4.999999999999999,4133.563300958146-65.22515202729862i,-45.498514823731966+0.7179393008758174i,2703.4801614167372-42.659297001770334i,-30.955951367019832+0.48846636353861567i
-2.97344603342568,-4.999999999999999,7136.482371248647-112.60941558507761i,12.00894851789053-0.18949401176683978i,4613.691311217786-72.80128433292634i,6.664548581367853-0.10516258316869198i
-3.213956229506129,-4.353402648473025,6779.678220112309-106.97925987984475i,-2509.173585811304+39.593255668656866i,4455.808077851676-70.30998151521449i,-1596.0773663062514+25.18514445890628i
-2.7537386232674796,-4.28144664358971,8484.99553194155-133.88814522170972i,-1884.753744473315+29.740284729342648i,5571.348690648904-87.91254394493183i,-1080.6771833771968+17.052438403892243i
-2.888974111803509,-3.813403382717027,9343.166853325058-147.42957445051525i,-3444.403952685988+54.35063046096438i,6281.4918231405945-99.11817705261518i,-2168.5947010431323+34.21912494442081i
-2.2300845250692607,-4.999999999999999,8745.83105183854-138.00397343110765i,41.17330917157233-0.6496901473725908i,5395.703670511392-85.14097077496434i,29.742902733628096-0.4693251829712608i
-2.511042712732379,-3.7914382104881814,10193.532241340463-160.84783072814346i,-2490.495065750627+39.298519814413226i,6908.622573605837-109.01392451355196i,-1396.5424034884272+22.03660230846928i
-4.999999999999999,-8.881784197001252E-16,18.853950051406475-0.29750403438689926i,-17739.094785864174+279.912286323622i,10.40300118229546-0.16415312510298463i,-11435.158849381849+180.43995461114721i
-1.4867230167128396,-4.999999999999999,8201.77626426987-129.4191148849446i,14.76210528605346-0.23293717585215745i,4120.386328286263-65.01722729427843i,12.925728175522332-0.20396024542120963i
-2.016015973327011,-4.302300085151734,9880.112441901232-155.9022540964629i,-288.07108912795525+4.5455891720999i,6302.070143033794-99.44289060984828i,365.36724528985934-5.765276199908349i
-2.01174440780386,-3.616113419440029,11861.059528647505-187.1604121271173i,-1761.2167377345606+27.79094478729911i,8306.686870828496-131.07454139321985i,-607.2449995527918+9.581962227224453i
-2.540695821765442,-3.2546867572258,11037.117419182234-174.15909935199477i,-3308.8221947398683+52.21123156216591i,7671.870519829749-121.05751976113868i,-2119.175844424417+33.439324999116415i
-4.394165656352484,0.13448269819608374,729.7102592362382-11.514390642930357i,-15306.104676477542+241.5211602632362i,388.64372260509697-6.13256506449643i,-9839.939758079016+155.26835321750605i
-1.1480777591044082,-4.38400846713139,8656.997404669477-136.60223170856594i,3235.029791965751-51.04683166334659i,4266.50298388752-67.32286056548124i,3866.403751515006-61.00953442106743i
-0.7433615083564211,-4.999999999999999,3516.560013860629-55.48920986985195i,77.84169385603552-1.2282952857281089i,-1336.0504202077282+21.082075059543666i,79.06409841261727-1.247584097155747i
-1.4446186795304075,-3.783811602588851,13221.136352571863-208.6216094405105i,1358.6965592951362-21.439417564612068i,9215.183054776013-145.41006679825253i,2507.1947833657223-39.562031351782814i
-0.4040146222101551,-4.395806360121189,914.3830188985581-14.428416133130312i,8418.6423538832-132.84113183127067i,-4295.47233057417+67.7799794975398i,9113.622230735496-143.8074978508944i
0,-4.999999999999999,-6158.819114111243+97.18247521051804i,261.7377065152493-4.130064173635371i,-11860.245329142641+187.1475645467932i,266.05375512505515-4.198168834487963i
0.2941442688447066,-4.476156205589442,-11270.743217098512+177.8455744527778i,7485.84676259133-118.12217633872793i,-17328.540301592868+273.4339825691039i,8104.281512100504-127.88070611528708i
0.7433615083564202,-4.999999999999999,-15638.388248391528+246.7643959212446i,4.504117754525699-0.07107227926674871i,-22190.304569522228+350.1497095117782i,12.10624135818216-0.19102923448273637i
-1.6217046588960602,-3.3210313148678834,14434.75838410168-227.7718378867176i,-2244.3516142167455+35.41452364018214i,10726.03306709519-169.250374680105i,-790.2053194992011+12.468966444799161i
-2.0363435012841413,-3.0727823445393945,12176.123440022988-192.13193185998423i,-3912.3846241881934+61.73508503977981i,8814.025653960416-139.0800433898677i,-2530.581957722107+39.93106694935985i
-3.7702168651907835,-0.33122722797542054,-2688.7752422250865+42.427262188217355i,-10930.273450028073+172.47316554043033i,-1967.0352493445157+31.038637572526387i,-7143.647058447328+112.7224700559323i
-2.511809363015176,-1.882681713445134,4735.010628973044-74.71563047168422i,-4611.221229895944+72.76230792975812i,3040.3595365652654-47.97505168099915i,-3447.20532910604+54.39483450226046i
-3.7610725125286857,0.05496697047190131,-344.6932729718974+5.439053304723605i,-10901.374133097714+172.01715163595154i,-463.09643951825274+7.307384324763082i,-7011.867718067737+110.64307102790194i
1.0701443505810149,-4.454735835954433,-19805.371720305888+312.51689822062i,2932.2929846092907-46.26982624540191i,-26775.332806588824+422.4987077097269i,3451.4674653150964-54.46208845773458i
1.4867230167128396,-4.999999999999999,-19743.038655005144+311.53331980061256i,-103.82783775848414+1.6383410654174593i,-26932.57706811866+424.97992793474214i,-91.70486455057107+1.4470478123710109i
-0.7570493736439118,-3.784334191519276,15505.701794112532-244.67068317945248i,11274.316044864545-177.9019515340735i,10812.209556274442-170.61018804176328i,12614.608181807287-199.05095834202987i
-1.1138527351520588,-3.2840342559628333,19847.939765772466-313.1885964710065i,-125.22702589369146+1.9760074316375078i,15728.463272634142-248.18572583018366i,1607.5618211245892-25.366362274369937i
-0.06974336100089604,-3.7303392964870303,-5965.802413482127+94.13678733163586i,22765.587693877977-359.2273325002i,-11515.9729170503+181.71515217456462i,24342.606168663413-384.11173907113425i
0.6490132975327333,-3.9115396667137863,-24186.73814354035+381.6522350319655i,11702.763032878624-184.662588276315i,-30773.89226221209+485.5935799529434i,13029.42405874769-205.5965043193918i
-1.5112594848433922,-2.87163830825571,15377.7171299589-242.6511618684667i,-6480.449125647098+102.2576040694796i,11863.099679243654-187.19260448105206i,-4639.73281547191+73.21220366579604i
-2.0068895950895334,-2.5848755811788267,10788.303718741146-170.23296825004138i,-6012.379862599893+94.871751569169i,7809.614698103284-123.23104035695235i,-4439.515592516079+70.05289585919313i
-3.431547974817402,-0.1515227067729796,-1555.8361987787503+24.5501629481145i,-9348.6784926346+147.51654481620105i,-1341.7432387806718+21.171904325438238i,-6072.903452968293+95.82677755899404i
-3.452789315276179,0.21597904236743637,-47.497820213687376+0.7494871419195533i,-9035.108743077177+142.56860206151023i,-361.62635997936013+5.706247271270831i,-5758.915894128324+90.87224202418064i
-2.062097932431417,-2.051840575461929,7081.218234466073-111.7373806213313i,-7440.179305884164+117.40157123615911i,4796.136863201474-75.68016582049881i,-5666.008903195605+89.40622537781663i
-2.231470437444127,-1.5907813863805016,3517.393940825486-55.50236873766145i,-7353.945227000067+116.04084914347943i,2025.6076722500973-31.962875308951197i,-5458.791046826004+86.13645177078463i
1.4017259494136338,-3.917258360584961,-24469.34473804082+386.11159775321653i,1143.4686334506453-18.043249860954536i,-32136.87681050073+507.10065941448426i,2087.91368895384-32.946026918306224i
1.8535985285886973,-4.4837133644385,-20781.996918446464+327.9274586462124i,-529.5144123444867+8.355420137832994i,-28311.73414201199+446.74220015962356i,-461.6720679636613+7.2849085951416255i
2.23008452506926,-4.999999999999999,-19200.962276060076+302.9796793570581i,20.094029715158587-0.31707174841055047i,-26405.222092905402+416.6585824209007i,54.04498844754804-0.8527975335452235i
-0.5130153535502933,-3.1208594199925557,43429.630507220114-685.2935460468492i,13449.360365991255-212.22284761874013i,38708.86170822837-610.8026431184752i,15692.851219090984-247.6237889642756i
-0.8881736779825952,-2.7130796166222853,27047.873507667162-426.79923666434206i,-14108.689252028058+222.626662365643i,23079.48039763993-364.18037127872805i,-11626.426276951403+183.45804000933663i
0,-3,-17111.237834699878+270.00507985078394i,-7096.026541618572+111.97104683494709i,-22521.15103605432+355.3702685079967i,-4385.289249562833+69.19723666022037i
0.40270950282882706,-3.3697189410423127,-35255.720568587836+556.3141450827503i,28330.26662635022-447.0346316576764i,-41472.352793471466+654.4088765392237i,30535.693439626473-481.83494526305185i
0.9963106136794428,-3.3421330907291757,-35115.9415435864+554.1085158248602i,3200.8108615987694-50.5068774463904i,-42475.3838027606+670.2361048421794i,5415.913931880437-85.45987658922682i
1.7155805744834525,-3.4197678398632196,-26010.493725415552+410.43000530606804i,-3065.5206993997563+48.37207975376282i,-34824.378502635656+549.507825745398i,-1667.4361612907499+26.311143485034943i
-1.401565904633506,-2.252708971547422,11321.905718544514-178.6528880686594i,-12351.761503336604+194.9033952554367i,8304.866320196228-131.04581419513173i,-9915.867149630058+156.46644195993082i
-0.6702644859293456,-2.1863839832680334,10962.306467429793-172.97862736061393i,-26081.760876926408+411.55455825311236i,7255.3523512340735-114.48511264147442i,-22755.24816737071+359.06418096743647i
-3.0699464285626448,-0.7691239274828877,-2236.2583835757637+35.286817310187494i,-7160.533404469715+112.98892647774983i,-1865.7333189168276+29.440153811239423i,-4849.0005646161035+76.5143233525052i
-2.485976029370757,-1.2110996011781296,773.6724142009383-12.208087105840756i,-6921.289742629335+109.21380485048014i,55.10666187416549-0.8695501040546484i,-4935.973978663562+77.8867117110492i
-2.674654942169101,-0.8979107907253164,-852.6103801925113+13.453680908961587i,-7177.385791745948+113.25484705088772i,-1055.9620675521176+16.662448685654887i,-4952.545008466412+78.14819263185454i
-3.052952109318224,-0.34870928702354925,-1815.542230904374+28.64816851727581i,-8186.423917331431+129.17686404948788i,-1624.4968760283907+25.63358729312866i,-5391.111542557897+85.06850974748819i
-3.2859239857426985,0.5535128120155965,567.3353838214389-8.952212405124612i,-7374.210764474842+116.36062718156661i,-10.055130210317051+0.15866392961375672i,-4589.549954535852+72.42034819016112i
-3.091310821712601,0.12990503624908184,-1002.7935754885548+15.82348173984989i,-8125.2945562399655+128.212279360642i,-1089.7652939331601+17.19584334280243i,-5195.03037367846+81.97446639587325i
-1.6551102048515756,-1.66336182181041,4937.467446919404-77.91027774523441i,-11373.085848882167+179.46047985787257i,2856.9003369853112-45.08017544173405i,-8757.976479000246+138.1956209940865i
-1.923921252877637,-1.2047073504656973,1639.5353717182588-25.8708857439514i,-9755.801569593308+153.94070301943648i,372.9455001210008-5.884856520201235i,-7110.651468769662+112.20181942202271i
3.716795874311498,-4.999999999999999,-8891.747621062255+140.30644945915526i,-102.98098185405979+1.6249781866953725i,-12447.696507532535+196.41719213668068i,-149.07725498907803+2.3523497555385973i
4.420360695475165,-4.999999999999999,-2699.7413743968355+42.60030118290464i,29.669832550852636-0.4681721792737032i,-3782.3413436274277+59.68307999542291i,41.05523413250921-0.6478269940143946i
2.1215329448405074,-3.908938561182323,-22368.438033668717+352.96054883711804i,-2919.740955393822+46.07176274564563i,-30804.7663910141+486.08075520543116i,-3014.8044519576993+47.57180775867255i
2.667787392158673,-4.422231128763818,-18254.180987345382+288.0400379395176i,-3099.781402304833+48.91269311633285i,-25412.371230966957+400.99199074311974i,-4051.3990822965425+63.928649890217976i
2.973446033425679,-4.999999999999999,-15449.834660791772+243.78913329163956i,-71.39351729652844+1.1265469234001557i,-21516.90510114936+339.52386940682317i,-105.63700167417603+1.66688858794123i
3.2212826706411035,-4.558465294610062,-14018.605142408493+221.20518909490278i,-3764.129300893293+59.395704873859074i,-19620.808778314793+309.60460558748616i,-5191.868482224721+81.92457364335242i
2.339220368226236,-3.4274184462563433,-23711.039982506827+374.1460030927272i,-5118.886885831285+80.77296778338177i,-33726.35936665298+532.1817417208083i,-5305.836528693573+83.72292112613711i
-0.1744527178536538,-2.5412706085922023,15229.431981926378-240.31131108607616i,-60669.8602980601+957.3340416725893i,10442.316527413192-164.7734976889803i,-57335.17219816997+904.714661626192i
0.45935633749298344,-2.761034067935448,-55512.246607969355+875.949988123372i,-27282.24315489969+430.4974492616343i,-61647.48926291474+972.7604409354533i,-23869.568565180736+376.64748913582224i
-0.185664168640722,-2.0655572856113755,-207.6136747224169+3.2760193834568554i,-33899.333335531635+534.9111673024375i,-4448.329012650551+70.19196634784589i,-29803.532568364426+470.28188543076465i
1.3085177308745872,-2.8125333637157586,-30196.72741793852+476.48626455176617i,-9157.689819075129+144.5028579892656i,-38520.52154732182+607.8307482341817i,-5715.598061187775+90.18871257674131i
2.0837571027355266,-2.974161014277932,-24830.382630325043+391.80855935686685i,-5848.6083375399285+92.28753503683554i,-35566.892972453796+561.2242591589389i,-3976.6461936932283+62.74909410055104i
-0.432017437250923,-1.6776863478106083,-381.7215189337644+6.023336838396697i,-24297.997689075826+383.40784399297905i,-3713.6017925242854+58.59841106825778i,-19995.588055521435+315.51839801128773i
-1.0172305437889875,-1.6977659739542463,4593.806782934245-72.48751839156805i,-17628.90727023225+278.1735933521272i,1897.2025205113994-29.93671895583508i,-14200.13308991841+224.0695913337223i
-2.6207226098637886,-0.5222320291771615,-1360.302217106245+21.464753882741814i,-7957.675842350854+125.56735649383741i,-1470.6789141890015+23.206432024169885i,-5333.806025958563+84.16426303344699i
-2.2315159486651766,-0.814342306797375,-339.4867866247441+5.356898069936325i,-8611.139360825138+135.8786192551767i,-929.0640625790165+14.660074205416947i,-5975.024649729482+94.28230869359231i
-2.6391991360319125,-0.04060449204053536,-1704.9422855176526+26.902967651388774i,-7956.735484804037+125.55251821523252i,-1705.701427657293+26.914946459468712i,-5135.513314370511+81.03532286305996i
-2.8242715456604492,0.4486623914319183,-1285.3993818415765+20.2828320245992i,-7066.9668800061+111.51250278746336i,-1338.6157271975935+21.122554066689872i,-4399.706459185986+69.42473158917437i
-1.3113774284134865,-1.1906680432908037,1021.9486255721778-16.12573695232331i,-13562.935970308454+214.0150025995233i,-698.0088096747968+11.014160764607986i,-10100.544562694748+159.38054087801558i
-1.628077699563771,-0.7579912325126668,-799.184145410456+12.610646937495451i,-10989.934087648291+173.4145746529799i,-1726.2509999119509+27.2392063961881i,-7670.394697053602+121.03423216204568i
-2.7863652501369476,1.2017465878822238,-1937.7738796320905+30.57691069210002i,-3911.3290288544786+61.71842837793331i,-1676.0354107058215+26.44683448807816i,-2220.176257706298+35.03305100051277i
-5,5,-1.0796696745819645+0.017036540516073728i,23.072485399141442-0.36406999440168875i,-0.6298566465993645+0.009938760471641217i,13.44102879219281-0.2120913803782969i
5,-5,-1.8571804885432357+0.02930519528217701i,62.34796428133268-0.9838135169861744i,-2.612502810166916+0.041223728921977454i,87.32131801565993-1.377878074704313i
2.7397243474002786,-3.7938439191011124,-20908.4368110808+329.9226043882636i,-6340.606680990342+100.05097408741437i,-29678.039651078576+468.3016823922871i,-8279.094500160389+130.63915031762772i
2.5768092465563295,-3.0961012678872506,-24496.893750129486+386.5463046564134i,-5897.8679299118785+93.06482188775638i,-36493.784387954496+575.85005029534i,-6376.622662529975+100.61928469508192i
0.9265732610361659,-2.3008894383536234,-27986.18985949253+441.60530645001484i,-19600.50360496135+309.2842021189905i,-34984.5697308306+552.0355473385421i,-14698.473904915863+231.9331107848618i
0.35348940167218956,-2.151487652431472,-20301.577806825524+320.34673293552476i,-36278.71492324642+572.4563830134613i,-25663.732731936423+404.95832461072774i,-31650.415106321638+499.42458521399976i
0.028663146586982796,-1.7410592401116136,-7382.413037754726+116.49005413905101i,-28140.61379026054+444.0420235455711i,-11507.677661213462+181.58425800803502i,-23182.05784903367+365.79898199654986i
1.3911320413806434,-2.179444108159426,-23779.64620462905+375.2285681684578i,-14225.923142087238+224.47654290335853i,-32302.515032452215+509.71433130522246i,-8505.682630796282+134.2145752457747i
1.972985921868206,-2.4194095019255952,-23033.24484681882+363.4508019914433i,-8116.126251788682+128.06760901011705i,-34313.210806921554+541.4419058025059i,-3475.198974962875+54.83655745988593i
-0.029207254194115462,-1.3186706448762602,-7074.210296478125+111.6267995590742i,-21792.738835861677+343.8763604589637i,-10320.153946469569+162.84584536240308i,-16276.521043451632+256.83374905339156i
-0.6330478016550882,-1.2157866759981992,-1937.1102213725105+30.566438562424405i,-18299.74184651949+288.7589609968756i,-4273.382073108855+67.43140847138112i,-13802.83658074634+217.8004904819995i
-2.0557431581460044,-0.2921128367252779,-1884.470201935837+29.73581059800605i,-8987.795048189011+141.82202030689328i,-2126.802965863479+33.5596764051948i,-5921.734602152037+93.44142367461184i
-1.4923971697170058,-0.30584992382565024,-2778.858952328086+43.84872915481166i,-10656.680404943174+168.15603122796887i,-3177.942550753487+50.146029204106284i,-6973.5479652171825+110.03840828939732i
-2.5646221760641015,0.7974127962118925,-2299.2979814781297+36.28154439129511i,-5977.238154122683+94.31723646657701i,-2014.0387282500499+31.780324304817366i,-3568.6443786687983+56.31106993718777i
-2.2789268445118345,0.2923644594456057,-2554.9240836605386+40.31517111067391i,-7694.39520406666+121.41294578142826i,-2371.7632042757273+37.425002185343146i,-4787.080524299818+75.53726221925383i
-1.015398041033064,-0.603875578585373,-3064.919906228168+48.36259959750923i,-13268.08991315319+209.36250849155294i,-4074.772380456196+64.29746652972518i,-8982.402565680533+141.7369301641141i
-1.1418062024103202,-0.08718970029549242,-4405.013542390947+69.50847418210085i,-11103.14276655328+175.20093977061688i,-4539.522254041435+71.63094105332775i,-6877.025144421315+108.51533601443518i
-2.3770372459681237,1.1771293281783655,-3583.125217658415+56.53956889939308i,-4939.709246077332+77.94565199265055i,-2780.137243101479+43.86889981724838i,-2785.3388097195325+43.950977421686424i
-4.420360695475165,4.999999999999999,-1038.511235103729+16.387085006292484i,12.302855180333912-0.1941316827959175i,-605.1048837696435+9.54819248254656i,7.107347754761577-0.11214968879645919i
1.8616219393785731,-1.9324850030537686,-19703.696986382478+310.91253184356066i,-10707.757056672443+168.96199018675222i,-30302.248470272923+478.1513235286066i,-3276.4303316596197+51.70010737220455i
0.8991594825146971,-1.8689637822933156,-20382.105848424897+321.6174171789721i,-20832.950634589844+328.73147775512433i,-26729.968649151793+421.782888487918i,-14663.485089213771+231.38100823864715i
0.4483449032418705,-1.5676304239048824,-13336.128755840524+210.43612065978382i,-23314.19756828173+367.88406758718656i,-17945.907541339253+283.17566768127347i,-17250.537249894904+272.2031411533256i
1.3779339126116292,-1.7423835596144919,-19285.73846896508+304.3173968825571i,-15419.59010477309+243.31189232043926i,-27108.268676597643+427.7522362408194i,-7871.294092661112+124.20430424432719i
0.41765230496158817,-1.016652274875422,-10859.306382032773+171.35334773145382i,-18759.84965241766+296.0191864739358i,-14055.220298941198+221.78295432491674i,-11724.297367101792+185.00238716682247i
-0.2090025382601593,-0.7058667134773694,-6740.6662044127415+106.36367364838262i,-16467.1497680751+259.8417561018036i,-8434.206483813523+133.08672447541906i,-10662.016596557414+168.24023313415682i
-1.620960747431868,0.21191972899055872,-3873.422377484975+61.12028413325743i,-9078.741298643079+143.25709764338393i,-3615.8662745987117+57.05620315923917i,-5542.616890241167+87.45917335080439i
-2.0269182904853644,0.7101090547275388,-3813.4093304290923+60.17331421097523i,-7020.648979499786+110.78163407150821i,-3171.3484902479563+50.041978880540604i,-4117.881644136741+64.97770487921946i
-1.8908024490072268,1.1465884948932419,-5020.0762160469285+79.2137946222692i,-6046.2768874965695+95.4066263106891i,-3795.0691505059585+59.88391716136192i,-3311.725135129442+52.257038222049914i
-0.6341010617939469,-0.09484471111432474,-6172.516109930089+97.39860559720587i,-12505.013389577603+197.32161819065712i,-6362.52983168374+100.39690826884703i,-7369.725801225174+116.28985714890537i
-1.0180387322639306,0.3490009902691209,-5871.18171198284+92.64372935941208i,-10070.95631415931+158.91365604563325i,-5282.139251534018+83.34899229214294i,-5693.812078103947+89.8449428180075i
-2.199282678534496,1.5271777809411002,-5013.899266146102+79.11632605409692i,-4266.229389654502+67.31854341242335i,-3586.4722792744633+56.59238352611708i,-2260.0369116526417+35.66202823498153i
-2.4951798261293994,3.0326322438360265,-8479.665293551427+133.8040372538291i,-2401.6327492248965+37.89632570659486i,-5173.8116988657175+81.63964842171184i,-1262.2113605011473+19.91693894228335i
-2.190819508443906,2.7331127693550106,-8117.0042970156155+128.0814640376634i,-2585.4320844016793+40.79656908174984i,-5033.8191070445755+79.43064920737865i,-1250.4123130722844+19.730757043933046i
-1.77634717364757,1.4989351914432738,-6072.171470455781+95.81522731355791i,-5332.814328544389+84.14861464249653i,-4306.733069753248+67.95766721427091i,-2744.0830054013086+43.29998555032635i
-2.3420325155814075,3.4346159199441213,-8427.38543285378+132.9790923785058i,-2460.812457852444+38.83014604781723i,-5021.899657705953+79.2425674390392i,-1278.2188172950653+20.169527018714803i
-2.745665312055511,3.76839589781917,-7763.645873321127+122.50567984674029i,-2718.7516586816414+42.900272077811756i,-4583.899604450299+72.33118905153856i,-1524.3669039333217+24.053596332095022i
-3.716795874311498,4.999999999999999,-3421.2105806338586+53.98465294761502i,-40.210867054197706+0.6345033874666708i,-1992.1976323077397+31.435684898198815i,-24.1473470982055+0.3810306679371571i
-3.1990801427426314,4.555184417012628,-5475.949932899134+86.40720871128879i,-1494.94373271972+23.589316320929527i,-3187.9705751192205+50.30426541973718i,-859.5113749947734+13.562574471818532i
2.182202208099807,-1.5607058535997238,-15600.99650938907+246.17437668520256i,-9678.229471654611+152.71666179574655i,-27695.23823523278+437.01426415957684i,1089.907337263435-17.198084701447517i
1.7557652330769487,-1.5395624798549077,-17021.674437065794+268.5918231031807i,-12702.50141201078+200.4378608483681i,-26156.50911750007+412.7340406996561i,-3206.2555048197682+50.59279065395599i
0.9889288565017355,-1.285560373899226,-15128.455132747655+238.7179569121037i,-17836.495996206548+281.4492190592876i,-20367.347604343635+321.3845409306206i,-9720.383320330115+153.38182426893795i
1.487539688281418,-1.306704898549706,-15982.680694775674+252.1971244225957i,-14820.383707873629+233.8567744262795i,-23017.958017589335+363.20958498618586i,-5089.978584148895+80.31681210490459i
0.44565754682552106,-0.43719611862894725,-10536.38333768441+166.25781558952085i,-15553.443159797685+245.42401332297985i,-12010.987613319177+189.5261874652076i,-7734.066153444967+122.03892959149664i
0.8611923156546772,-0.7849893744658468,-12658.037661043552+199.7362495011069i,-16561.92074275167+261.33718529472935i,-15862.863919247407+250.30648749987373i,-7703.398458712717+121.55501174492505i
-0.011468237866633276,-0.028346770033577988,-8826.02347377772+139.2693617974136i,-13414.312393348948+211.66981161146165i,-8897.588386825546+140.39861324307984i,-6813.50964470311+107.51309948784672i
-1.3954273254384586,0.8311439257543077,-5770.291329354785+91.0517395758047i,-7892.005160043533+124.53111247739498i,-4613.015491450002+72.79062030194383i,-4302.48282843399+67.890600953032i
-1.4868834742017518,1.3013696116364541,-6418.953230283676+101.28723568944093i,-6426.005991373602+101.39852403338134i,-4684.244765108129+73.91457555915704i,-3289.711372057545+51.90967423159204i
-0.46720508710478353,0.42090392627938306,-7843.5564392839615+123.76662069463332i,-10956.534137708179+172.8875434564189i,-6927.343079483835+109.30932287883486i,-5556.186955142218+87.67330084365994i
-0.84836459227842,0.7800715543646535,-7264.94151973997+114.63642397458462i,-9082.172296296092+143.3112367304737i,-5858.2711827895055+92.44000894481448i,-4608.827824034379+72.72454141940948i
-2.113473591193463,2.3154069180499035,-7329.997414632361+115.66296701402098i,-2997.31928831157+47.29590235358379i,-4710.608408929179+74.33057806136632i,-1440.500137047163+22.730229004225976i
-1.9302302592677985,1.8890156290231366,-6576.690541079297+103.77623593642413i,-4094.7571651962935+64.61281445790019i,-4420.56769991352+69.75390946764617i,-2025.678415041565+31.96399158781465i
-2.0250410795842337,3.0134954741882964,-8465.584843108769+133.58185618296122i,-2673.2168923045588+42.18176074915095i,-5131.789483445003+80.97656304239827i,-1275.039158891256+20.119353914367895i
-1.857796836971096,2.619286951716269,-8161.1478010795545+128.77802208067502i,-3165.3334934751447+49.94706583569687i,-5071.373660660305+80.02323756046863i,-1466.860073158244+23.14617300098944i
-1.4096638071786547,1.7162786049462855,-7383.262863872985+116.5034638859831i,-5524.246403416488+87.16929807646117i,-5025.4945140578175+79.29929211819942i,-2637.535399753489+41.61872817732088i
-1.7587532796042855,3.3676580721235507,-8856.551895566201+139.75108200038147i,-2509.3001131451115+39.59525219417196i,-5220.330473887392+82.37368681715732i,-1148.5241998054505+18.123023668700625i
-2.136242595944767,3.872429637602139,-8386.02347979201+132.32642554358083i,-1983.0418775220678+31.291212573878436i,-4886.985787602485+77.11370741019348i,-999.9178791755112+15.778104975165547i
-2.6229057977293837,4.387701587826053,-7198.546935176169+113.5887572143063i,-1466.1391347487424+23.13479702488228i,-4176.882085610931+65.90869649218224i,-806.6790686435359+12.728912335111206i
-2.973446033425679,4.999999999999999,-6014.708746369899+94.908499959581i,-21.1772956946467+0.33416503647147994i,-3487.177521313531+55.02557174366681i,-14.635687966821328+0.23094238630240702i
2.3576542799099505,-1.2074908187617615,-12367.883469039283+195.1577902138301i,-10724.001251703681+169.2183138507095i,-24261.46268156701+382.8313434665459i,3858.2732554949666-60.88124006571934i
1.8671891756370633,-1.1594731010723809,-14547.70776150714+229.55411138205588i,-13123.655758629167+207.08342407919008i,-22746.62070967728+358.9280448546633i,-1036.4150970106639+16.35400920321327i
1.417644888894603,-0.8424880688432379,-13934.30445978341+219.87497483668272i,-15136.776872448076+238.84926897813943i,-18690.94378764273+294.93189321669627i,-4037.9915460403176+63.717087001999275i
0.5740959797775227,0.08058504474134258,-11207.432307929781+176.846566242467i,-13600.969251825425+214.61514499204546i,-10901.346806449747+172.0167204378181i,-5168.515493816546+81.55607747956613i
1.036028506214488,-0.3432119365390656,-12556.953678883161+198.1412048328923i,-15014.11967410565+236.91381188539734i,-14159.107798780076+223.4222368222207i,-4804.058668396375+75.80516715967126i
2.7788515338725177,-1.2100559150046277,-8333.589683533919+131.4990516573385i,-8576.158834868704+135.32664751616943i,-24767.76296100558+390.82045849719054i,8975.84561716185-141.6334654454704i
0.1077173584762881,0.534135606986841,-10051.929302661629+158.6134212053227i,-11461.118607867613+180.84958404477302i,-8529.787718448903+134.59493908498413i,-4730.078209977638+74.63779985545426i
-0.9621766157368489,1.313901841145161,-7856.808362706096+123.97572810557583i,-7327.07007817796+115.61677539885488i,-5666.519512360578+89.41428248446985i,-3453.909080690929+54.50061568533868i
-0.3989752569020585,0.9854068872035849,-9008.544950118283+142.1494413258347i,-9196.57189995084+145.11639392705607i,-6873.1403161594035+108.45403575228244i,-4045.790348817707+63.84014743672924i
-1.5433120733136212,2.250557603569323,-8015.587584701758+126.48116908699187i,-4187.8473410132+66.08172165197013i,-5118.429951203933+80.76575762876375i,-1909.4092767896473+30.129334255526306i
-1.5167788377987126,2.8245644238766987,-8798.900942372406+138.8413845038621i,-3320.5022327694205+52.39553556350478i,-5325.018111315597+84.02559500616546i,-1450.8679009107916+22.893826105549252i
-0.9275685356324255,1.935851298841888,-8869.848150668782+139.96088893867608i,-5752.297054322659+90.76780069811299i,-5767.563386232599+91.00869426793845i,-2449.8743405998903+38.657549111778316i
-1.08693465955949,3.2844230034598874,-9773.197911167897+154.21520686547137i,-2890.5434113214674+45.61104299557231i,-5629.47356017499+88.82971955720417i,-1147.4458664004076+18.106008213713i
-1.4597227836347981,3.864212507537862,-9323.984155781376+147.1268829776936i,-1894.6718042818877+29.896785770154832i,-5313.029034263366+83.83641455423246i,-819.9935451474206+12.939006796205376i
-1.879566267128824,4.4145948024702655,-8602.60223526905+135.7439085294047i,-1065.652749662421+16.81536184263943i,-4901.374218933336+77.34074823493883i,-512.9135755919584+8.093468881225212i
-2.23008452506926,4.999999999999999,-7845.795349648727+123.80194935863165i,17.549367500114993-0.2769185034420237i,-4489.179037189005+70.83655525743264i,10.155977106158389-0.16025523319770704i
2.5611875295002644,-0.8093768565176677,-9844.382591923117+155.3384584734002i,-13311.832965896223+210.05274765268737i,-20041.506301999296+316.24296042615924i,6351.606328316663-100.22454193117285i
2.014077717485591,-0.7435093422903996,-12885.41044032993+203.32405571478185i,-14028.451364337854+221.36055657704227i,-19213.380221300642+303.17562709201906i,1082.4078266959332-17.079746918448034i
1.6453442722584912,-0.29524468560244505,-13335.23724386218+210.42205313497115i,-14821.363648224686+233.87223729783946i,-15365.256075962387+242.45453390315765i,-1133.8867252661464+17.8920530913562i
0.671891563019134,0.5944969213862501,-12077.179512271776+190.57065596800803i,-11969.136492563603+188.86580185718802i,-9830.169036415671+155.1141770843577i,-3544.1614854524305+55.92474455255391i
1.194749051158809,0.16363179828593474,-13110.920670237496+206.88247201533216i,-13864.801537853264+218.77826037530323i,-12248.296478160104+193.27077915517376i,-2767.2297716166527+43.66522765148886i
2.8262994252448332,-0.47046335181161836,-8404.619680744943+132.6198624516438i,-17056.58905802951+269.14275490089364i,-16067.852621839806+253.54108639603928i,8555.769378357634-135.00491410994763i
0.2779651338805667,1.1517674311723545,-11453.813311379545+180.734310843581i,-9576.236340101475+151.10727129488606i,-8112.84197128254+128.01578503168176i,-3125.3186211828047+49.31565512814986i
-0.3366432178372306,1.5326087093594127,-9961.912240090402+157.1930058968437i,-7605.867311263431+120.01602867957938i,-6744.984827236728+106.43181892880231i,-2964.065422418115+46.771176275752985i
-0.7915463521793455,2.580957952114224,-9883.170797499877+155.95051311521794i,-4424.668086489511+69.81861111083705i,-5922.930650345758+93.46029659842591i,-1705.4855655990734+26.91154028553908i
-0.3008789033613356,2.052353934052,-10633.669261571495+167.79292917401796i,-6156.219117876113+97.14144882789039i,-6582.495204809328+103.86783005188431i,-2188.2230835623927+34.52884905910121i
-0.36433009402025884,3.2352769350703716,-11139.061474526934+175.76771545969018i,-3237.2104169248028+51.08124061855415i,-6164.013479992856+97.26443919163881i,-1067.539074938407+16.845126925186225i
-0.7424549146212227,3.8345926705089313,-10507.321799431942+165.7992419297931i,-2018.984662893854+31.858368189859373i,-5785.131135802221+91.28590282942082i,-730.8649057018532+11.532610272294315i
-1.1543849849502013,4.411576859062403,-9826.402071393217+155.0547366334988i,-1009.8493585869631+15.934817769263228i,-5438.7473701884055+85.82017456376109i,-407.53079840862+6.430591803404847i
-1.4867230167128396,4.999999999999999,-9243.063836497042+145.8500088274318i,6.339511416445021-0.10003369146155212i,-5161.275689038594+81.44183769830624i,3.8868785951150735-0.06133261518577152i
2.3115371105234255,-0.27154226987295477,-12292.646331778404+193.97059327049314i,-15979.865374451698+252.15270035487669i,-15299.100266131896+241.4106348650736i,3588.6090935661673-56.62610117524381i
0.8930386928447502,1.0555792513047173,-13456.99379606576+212.34329857131547i,-10702.009334481221+168.87129457465588i,-9212.93118200874+145.37453359532935i,-2309.2107236757947+36.437961523393334i
1.897717810957442,0.2640667286109771,-14483.273022898868+228.53736981659657i,-15088.628724659293+238.0895200567531i,-12280.716423307083+193.78234646330458i,515.0243945875138-8.126776340152544i
1.3434168571323701,0.681096315373012,-14343.019515084392+226.32425350424185i,-12719.329940503894+200.70340494420668i,-10584.062259862467+167.01016041193918i,-1597.7675877918227+25.211815141148957i
3.2794783489111916,-0.5720509952591476,-2127.795949105936+33.5753450857522i,-19473.599822879794+307.2817364794283i,-15503.951524113474+244.64306496763163i,13890.421070451179-219.18252124828746i
2.734790674588877,-0.07871404432286996,-11534.525262217818+182.0078970646022i,-18953.06911280788+299.0680737803846i,-12819.238447955333+202.2799013258541i,6528.641857294373-103.01805649741246i
3.0436084540758213,-0.18174188191388896,-8835.797590835768+139.42359150786697i,-21172.71509206629+334.09275730471677i,-12488.770995632982+197.06532294678132i,9646.43859042315-152.21502073924225i
0.711080329478164,1.470635223323369,-13339.87179902451+210.49518363836552i,-8981.98819212843+141.73039159777917i,-8335.642376617372+131.53144192421254i,-2108.584236135974+33.27219576690432i
0.3256359196395868,1.8414752855669252,-12344.300936916754+194.78567198776213i,-7324.545593135962+115.5769405375891i,-7495.582383676646+118.27579860579249i,-2069.639106967598+32.657664964834225i
1.091196097595112,1.443457795201185,-14743.839787238921+232.6489572243514i,-9523.174268762523+150.26998360434453i,-8734.80686231159+137.83001832614855i,-1590.2286601371336+25.09285538014178i
0.11988216875631665,2.5718820119217463,-12128.933796352732+191.38730755925502i,-4978.768673278491+78.5619863491839i,-6805.663046871325+107.38928487580097i,-1440.5692357223222+22.73131933992334i
0.4111494937104379,3.254380645501492,-12909.876810024934+203.71012036815114i,-3190.805583796124+50.349000157907994i,-6698.299093611849+105.695146026642i,-772.3023161373834+12.186467779365747i
0.01189106816019257,3.828408572553659,-11922.011062337697+188.12219080614045i,-2034.511476669868+32.10337200746699i,-6251.43862565454+98.64395560438932i,-577.8012823266666+9.117358012296336i
-0.3743947967771708,4.413752512672671,-11169.646256468492+176.2503249920985i,-1000.8873409968073+15.793402501799696i,-5925.721967306716+93.50434190749736i,-323.7442934154242+5.108490960111605i
-0.7433615083564202,4.999999999999999,-10527.456846082554+166.11696090086798i,-0.8021772577097485+0.012657876460101155i,-5675.13370481764+89.55020927976527i,0.23896638851147145-0.003770746419831994i
2.5013423436284747,0.2324456628233399,-14436.713496912394+227.80268839535884i,-18007.73087006314+284.15120276355924i,-11427.296506713328+180.31589155502206i,3896.582206038695-61.485732350296836i
2.296019358751429,0.5996670824836515,-16573.411981924735+261.5185101632528i,-16369.645041882119+258.30318994805555i,-10161.57445349589+160.3435559853001i,1820.4858712605317-28.726176199828842i
1.4623643308832144,1.160981022659096,-15772.731487494084+248.88425173484984i,-11284.95257071894+178.06978953856935i,-9429.770333821083+148.79612547930665i,-1087.8882299433196+17.166224397797993i
1.943885824998271,0.8468566386195664,-16730.993044043276+264.0050448997356i,-13930.490375694884+219.8147908752134i,-9989.436902620284+157.62732857857588i,192.3157893690683-3.0346279191801386i
3.88008980566679,-0.3013900363331483,1541.5734420057931-24.32510519260229i,-33894.6399793192+534.8371089537211i,-8899.213562928891+140.42425754816205i,19327.1869327249-304.97142880447126i
3.499809832148972,-0.0854350048410708,-6588.9832717757945+103.97020786092162i,-28192.52537848545+444.86115730197287i,-8966.259028853907+141.48219482633246i,13652.27216495929-215.42467422019763i
3.0292842760944323,0.2541404233212453,-13891.72589025686+219.2031105229465i,-22932.181447416984+361.8560821068665i,-8931.608352744657+140.93542792025534i,7244.087265103407-114.30735633243899i
0.9697736042133929,1.8627697405596317,-14672.705278393521+231.5264972991023i,-7742.065232158697+122.16515026050381i,-8125.040080126547+128.20826388004755i,-1421.7647131764268+22.43459524196309i
0.7268269675862443,2.2716897306797383,-13934.708751135471+219.88135431196406i,-6090.563689731787+96.10544551299465i,-7540.190421290854+118.97968670987555i,-1313.1120113273878+20.720120712285553i
1.5859755925851424,1.6913304473312831,-17278.22111898602+272.63997601922404i,-9040.216296376906+142.6491961921034i,-8638.070376829404+136.30357455046516i,-829.5340539728558+13.089550308735625i
0.8323181499188875,2.7670396004674735,-14256.4200130206+224.9577652527298i,-4411.7745978035755+69.61515958524109i,-7263.096475166269+114.60731027678048i,-857.3779949379459+13.528911012862485i
1.1058809371590341,3.3023828840236784,-14651.382559839485+231.1900375770489i,-2602.478069956531+41.06554451973519i,-7063.023455163912+111.4502779063913i,-351.04895254173607+5.5393421199739805i
0.7652876722876325,3.8238145844352194,-13394.21871792475+211.35274545354255i,-1747.5282125404483+27.574948062011646i,-6618.828568787886+104.44114876424389i,-315.1115579431692+4.972271567163034i
0.38311206124920505,4.407797551266591,-12459.586771287117+196.6048133740077i,-912.0139676552886+14.391033924056424i,-6291.254657716757+99.27222873226908i,-213.28138833719277+3.3654525081695588i
0,4.999999999999999,-11779.18432651174+185.86847049765433i,-6.343529992135397+0.10009710218522135i,-6078.677268140823+95.91788490271226i,-2.226363127992954+0.03513067610492726i
4.434352123291982,-0.15654556792232072,1574.289037972904-24.84133769352893i,-48883.89181710336+771.3585212829523i,-3646.3115366562415+57.536611151489026i,24625.685236931597-388.57855714532286i
2.740335354722197,0.625323830782642,-17822.17605987044+281.22325904453595i,-19689.901595599087+310.69484884331723i,-8402.332044359038+132.58376492023908i,3545.9347720975106-55.952725953248546i
2.4381300249610534,0.9353346298664957,-19185.06086565932+302.72876462918185i,-16070.42064437308+253.58160825284185i,-8737.504589493898+137.87258684458402i,1301.7521476590725-20.54086887049266i
2.052149770323578,1.2677786306197336,-18823.272371817548+297.0199589827094i,-12389.887782036478+195.5050050877951i,-8977.803307471613+141.66435662549796i,-95.69864871484363+1.5100673333928398i
2.2374717145248697,1.6765454990781332,-21321.16832871058+336.43526042467744i,-10259.002960584285+161.88091944728748i,-8500.522973990503+134.1331589530802i,-381.2602503759869+6.016058296964161i
3.181909172833005,0.6957943166531454,-19892.490455639658+313.8915796619902i,-24730.520539165933+390.2327953965035i,-5042.480987763665+79.56732849484445i,5010.683264486643-79.0655794749805i
1.3905423788078624,2.3710925031881858,-16545.22156231899+261.07368223378563i,-5647.540101824636+89.11479875883768i,-7933.96246550419+125.19317361643803i,-697.1547969162358+11.000684955010327i
1.9470539144078942,2.0505137320757703,-19661.57264481749+310.24783497491933i,-7247.976522365704+114.36872648158405i,-8431.978555726704+133.05156910522183i,-485.1845203780511+7.655921005403798i
1.5201985951729202,2.8778627587214296,-16558.203029003296+261.2785219994752i,-3376.1160677961475+53.273088556010784i,-7618.976367855121+120.22288173754048i,-268.26727440665974+4.233096842401778i
1.6442414643317376,3.308994463915684,-16104.71266196756+254.12271574243533i,-1662.9620125109127+26.240544098233386i,-7308.6314897518405+115.32582552201977i,78.68714490977291-1.2416359967547124i
1.4620902475325888,3.782205251100774,-14716.613902530662+232.21934907760246i,-1005.3164858429724+15.86329175350187i,-6847.26534602922+108.04574422809787i,72.04774326529696-1.1368702171831444i
1.1390597421003068,4.380667606250111,-13549.820956591144+213.8080555416816i,-597.6537293588481+9.430617730721602i,-6489.137314526791+102.39469848396782i,-26.405266030458733+0.4166592757257301i
0.7433615083564211,4.999999999999999,-12882.231499727097+203.27389393692116i,-15.549416617451547+0.24536047690632282i,-6334.482229795006+99.95433391737772i,-5.301936060607356+0.08366137407536674i
4.999999999999999,8.881784197001252E-16,50.7539645973593-0.8008671491864637i,-56221.48419583751+887.1413322795528i,-92.23213849255505+1.4553678792311378i,27038.737966559147-426.6550832997277i
2.6533167260566906,1.3047316744892283,-23016.98790967245+363.19427726455496i,-15097.854241639832+238.2350931867273i,-7583.9704509498815+119.67050934456988i,273.9787071347564-4.32321982850533i
2.452551636983748,2.0458298544930833,-23657.88801184607+373.3072968447511i,-7292.3917971945875+115.06957290442422i,-8648.881927031527+136.47417433427086i,-529.6532768522205+8.35761133656039i
1.9998855910546343,3.580462458943672,-16120.693845101996+254.37488923625412i,48.721337584591005-0.768793512900165i,-7129.736625274377+112.50297175569965i,565.0522719778933-8.916186268295235i
2.084777487479458,2.494922923797201,-20120.96587763017+317.4967849168567i,-4166.15103945851+65.73936701401954i,-8337.497843829475+131.56072008501724i,-125.89668231183896+1.9865742086517457i
2.063432495347561,3.0227448067635443,-18391.5019671837+290.2068807176228i,-1360.1151521198044+21.46180210934578i,-7859.066174677716+124.01135502561203i,352.3994370056025-5.560651955597526i
1.9824351884688975,4.267462014797563,-14169.934482688433+223.59307540685924i,425.26155800318753-6.7103725654057325i,-6418.615251299655+101.28190258358151i,426.6098695271512-6.731648113337217i
1.4867230167128396,4.999999999999999,-13504.320886481932+213.09009169933424i,-58.96736613811421+0.930469703977451i,-6338.98115481281+100.025324258363i,-21.62058783408429+0.3411599208033446i
2.488796651068142,3.7636520926353167,-15737.398835485+248.32672365771137i,2347.3447548699914-37.039693685449606i,-6812.531603254062+107.49766657982103i,1312.4590121913523-20.709816777201468i
2.49914107537953,3.199906072616735,-19186.872153754888+302.75734566999i,1554.679387110693-24.531909153177974i,-7963.749190831026+125.66319029366268i,1180.0366089827342-18.620270603055967i
2.7281227971825786,4.265675396510209,-13041.327143759321+205.78432786843763i,2504.4207329770766-39.51825849887606i,-5728.204638237332+90.38763680860991i,1212.833073682925-19.137779164129274i
2.2300845250692607,4.999999999999999,-13068.019331225194+206.20551459250166i,-85.12778864748543+1.3432654956483627i,-5910.801953184655+93.26891302482431i,-32.69362877412156+0.5158858717879108i
2.8864446634257255,3.7990086737948534,-14988.399091439624+236.50795650289274i,4710.3458600184995-74.32643519690392i,-6431.692048068508+101.48824660088755i,2179.1558085826373-34.38577289311629i
3.2078221661123196,4.3464797764209395,-10541.606437973029+166.34023298236178i,3749.4512907021503-59.16409466822461i,-4606.194797572139+72.68299383956582i,1680.0366547061305-26.509971720828208i
2.97344603342568,4.999999999999999,-10828.355130872442+170.8649555343559i,-19.84722559038346+0.3131773272141345i,-4787.614001234935+75.54568016561996i,-8.52667376370664+0.13454580274827777i
3.716795874311498,4.999999999999999,-6355.408517533438+100.28453819871265i,73.04019209304049-1.1525304649964407i,-2786.703745441269+43.97251528948997i,31.154173761509202-0.49159419413657207i
4.420360695475163,4.999999999999999,-1954.8004239528818+30.84557935903672i,16.38932521661627-0.25861373130555876i,-856.62996421555+13.517107536273443i,7.083001923994743-0.11176552617007474i
5,5,4.640944558836054-0.07323132423471179i,-4.658480079873698+0.07350802427163217i,2.040279336855747-0.03219438538508257i,-2.0471415341744432+0.032302666743589725i
