% Model,20260626_TI_field_Base_X50_Y50_leadField.mph
% Version,COMSOL 6.3.0.335
% Date,"Jul 7 2026, 21:51"
% Dimension,2
% Nodes,861
% Expressions,2
% Description,"Electric field, x-component, Electric field, y-component"
% Length unit,mm
% x,y,ec.Ex (V/m) @ idx=3,ec.Ey (V/m) @ idx=3
23.585786437627657,18.585786437626155,-0.09528737490619932+2.5727884731562405E-7i,-0.09473647817248476+2.5579140916571153E-7i
23.429694821437153,18.031785529616226,-0.06581934298056273+1.777142534336863E-7i,-0.08680488571928409+2.343758652309147E-7i
24.010119121163264,18.26214619552926,-0.06817533313939994+1.8407549943242792E-7i,-0.12029343196848441+3.247959716275062E-7i
24.12416789320276,17.789608110579888,-0.04234408850009545+1.1433034324495012E-7i,-0.11045124172449636+2.9822175480679257E-7i
24.471183362852003,18.07117834824588,-0.03703833971418854+1.0000465809380995E-7i,-0.13543710581307045+3.656843574676698E-7i
23.26214619552875,19.010119121164173,-0.11210833812996295+3.0269596614387665E-7i,-0.06343989780344443+1.71289678163113E-7i
22.9950238641395,18.712632554178498,-0.09089873770552767+2.454293916937441E-7i,-0.061980718779629206+1.6734984985276319E-7i
23.071178348245958,19.471183362851708,-0.11760249447509515+3.1753035750830514E-7i,-0.0320544102787658+8.65478951017504E-8i
22.728031522953625,19.102603284528474,-0.0944053528245802+2.548973605269487E-7i,-0.04205957000701562+1.1356213454980513E-7i
23,20,-0.11319863381044189+3.0563979806476396E-7i,-2.9063807493791516E-4+7.847317546435788E-10i
22.484184347533873,19.68380716306269,-0.09197529690488306+2.483361346924859E-7i,-0.018020045382189327+4.865467759048336E-8i
24.46601581622191,17.551233155498814,-0.023581367494742527+6.367041859581317E-8i,-0.11062238053753576+2.9868383487345567E-7i
25,18.000000000000004,-0.0013552436252022293+3.6591995326545253E-9i,-0.14228841552505356+3.8418310472600123E-7i
23.071178348245425,20.528816637146335,-0.09859815491330452+2.6621805531437606E-7i,0.02611910632059485-7.052239159375741E-8i
22.54814116469218,20.325638682284616,-0.08801413970726817+2.3764088824622448E-7i,0.004581023803274705-1.2368905374844244E-8i
23.262146195529965,20.989880878837976,-0.07895069700337864+2.1316931377099236E-7i,0.04418676239697339-1.193056195250787E-7i
22.707915906761755,20.825340996114704,-0.07916164179800671+2.137388712140634E-7i,0.02042796505481888-5.5156134876036656E-8i
23.585786437626492,21.414213562372687,-0.05486509130286091+1.4813743648791598E-7i,0.05469928369417687-1.476897508372067E-7i
23.053031674421213,21.52410264258244,-0.058334374609043387+1.5750460827646217E-7i,0.03498841143291672-9.446978859190245E-8i
24.010119121161605,21.737853804469793,-0.03266081819384459+8.818521515120523E-8i,0.05736243927907869-1.548803529477096E-7i
23.739754112471083,21.97282282690569,-0.035855528889431866+9.681103243369601E-8i,0.04584363110053176-1.2377921606004034E-7i
24.08567234454663,22.119958292989384,-0.02491047228082057+6.725904245767423E-8i,0.04736544833914054-1.2788816947972237E-7i
24.47118336285124,21.92882165175391,-0.015313834257499381+4.1347824196337556E-8i,0.05600992906137203-1.512285336994891E-7i
24.690399531949552,22.288518061984895,-0.007980671541203743+2.1548058984168614E-8i,0.047142831951053954-1.2728709837476976E-7i
25,22,4.4278344946135917E-7-1.19552894221146E-12i,0.05503548586867302-1.4859750706411542E-7i
-23.2079918403143,-23.123490391622546,0.0011861538869788607-3.202652031092481E-9i,-0.001269669391212956+3.428146464992089E-9i
-24.999999999999996,-22.222222222222218,5.197979142473885E-6-1.403470379415055E-11i,-0.0018400625474503107+4.968225556245098E-9i
-25,-25,2.058125289264301E-6-5.557001676319153E-12i,1.8061827470189362E-6-4.876749052840444E-12i
-22.222222222222218,-24.999999999999996,0.0018812225604413386-5.0793588591461614E-9i,7.313591320302441E-6-1.9746921840922014E-11i
-22.95837538569384,-20.82818203900118,0.0012705337541175827-3.4304802714602965E-9i,-0.002771898357470873+7.484210945973481E-9i
-24.999999999999996,-19.444444444444443,2.8291524500345666E-6-7.638798758017899E-12i,-0.003554624043612379+9.597594408295896E-9i
-19.444444444444443,-24.999999999999996,0.0038992877537565307-1.052819704211573E-8i,3.898565918855623E-6-1.0526248064941246E-11i
-20.85936159365543,-22.567047696889343,0.002767140478306913-7.471364525678968E-9i,-0.0017441898366238409+4.70936628391494E-9i
-22.859932332103014,-18.114344105871318,0.001157051751850181-3.124075369833593E-9i,-0.0043780228601002225+1.1820796575377044E-8i
-24.999999999999996,-16.66666666666666,8.119562618646992E-7-2.1923069183049772E-12i,-0.005039180229113834+1.3605941836872207E-8i
-17.99793821419065,-22.80446810932552,0.004931877889437729-1.3316222214589502E-8i,-0.0018127006170007218+4.894347501223573E-9i
-16.66666666666666,-24.999999999999996,0.006218957076036508-1.6791375663385942E-8i,1.0203761315834744E-5-2.7550469853575035E-11i
-20.822966586744265,-19.497543445502803,0.0024876255380270468-6.716665577222359E-9i,-0.003789781783832316+1.0232527550285287E-8i
-18.83099833545155,-20.754324163896406,0.00400025439064752-1.0800810071722648E-8i,-0.003260289943165057+8.802883270924876E-9i
-20.573502400417386,-16.837148245382775,0.0022045397780631284-5.952325305632503E-9i,-0.005338530377728336+1.4414196458799542E-8i
-22.7592088580988,-15.426583199010674,9.757243435379014E-4-2.6344857820916096E-9i,-0.005710316104453429+1.541802937280845E-8i
-24.999999999999996,-13.88888888888889,-2.242073996456632E-6+6.053668852477847E-12i,-0.006227732906792923+1.6815070676744657E-8i
-15.242977864370976,-22.78404100831942,0.0073823593934207775-1.993259775577391E-8i,-0.002244673902654523+6.060688678251527E-9i
-13.88888888888889,-24.999999999999996,0.009076802264133044-2.450764569940922E-8i,1.519752003268741E-5-4.103377220605525E-11i
-16.547289609740595,-20.578753749997738,0.00568591522620789-1.5352146249942688E-8i,-0.003900126755589532+1.0530462372906601E-8i
-18.10630201955236,-18.264473215223163,0.003923384493521978-1.0593258981716669E-8i,-0.00509917498902427+1.3767929536605553E-8i
-20.466375217453415,-14.262934772403291,0.0017613673750697643-4.755746166828228E-9i,-0.006524572616667044+1.761654703674437E-8i
-18.377589106486383,-15.483567560938653,0.0029603474312685438-7.993029249889994E-9i,-0.006530685496112421+1.7633051999537464E-8i
-22.6554352827597,-12.789518143457459,7.567907916248076E-4-2.043358448274062E-9i,-0.006723755223433228+1.8154346210291734E-8i
-25,-11.111111111111114,-3.4949890688843834E-6+9.436578139077149E-12i,-0.0070921924259530296+1.914913800580271E-8i
-20.31374615507356,-11.873611965625628,0.0013254770315886029-3.5788288130111124E-9i,-0.007351434846434031+1.9849100526362195E-8i
-12.495323737059728,-22.77380330545333,0.010457011529575058-2.823425322970074E-8i,-0.0029508577538897482+7.96740682866245E-9i
-11.11111111111111,-24.999999999999996,0.012844522615004664-3.4680606701156614E-8i,2.3717107332417903E-5-6.403692033862863E-11i
-13.861760069679336,-20.547220885139964,0.008030566809284925-2.1682777744876997E-8i,-0.004895788869064198+1.3218780747955568E-8i
-15.22709538594804,-18.319418455819406,0.005851722932783913-1.5799832164955132E-8i,-0.0061127159986608046+1.650452148200357E-8i
-16.366971081395285,-16.38516329017844,0.0042910640452801215-1.158600509683484E-8i,-0.006801347083555199+1.836384662262873E-8i
-18.118769501884653,-13.167179520004535,0.0023365708536557395-6.308813276593182E-9i,-0.007527623317846152+2.0324814826180166E-8i
-16.089958284318048,-14.354387205566795,0.003520775496500301-9.50620228848217E-9i,-0.007872057539748059+2.1254797834676314E-8i
-9.732907796083163,-22.768433163124996,0.014611448056758755-3.9451359819233226E-8i,-0.004138533188205587+1.1174167084431695E-8i
-8.33333333333333,-25,0.0181496199039539-4.9004532790437155E-8i,2.4320887226337667E-5-6.566714465043317E-11i
-22.34876816142875,-10.204624167471845,5.663844127072058E-4-1.529255360242971E-9i,-0.007449653909385262+2.0114295021700156E-8i
-25,-8.333333333333337,-1.0974875029971335E-5+2.9632500631240416E-11i,-0.007640838819368344+2.0630500167586164E-8i
-20,-10,0.0010168933722387488-2.7456434276858293E-9i,-0.007859601571118823+2.122116633570513E-8i
-18.128864094545385,-10.912805063279919,0.0016293933529915247-4.399412242117245E-9i,-0.008143109445952012+2.1986646330445936E-8i
-11.133997675077202,-20.544798702451853,0.010999430563442636-2.9698801328889006E-8i,-0.006521692265795724+1.7608770000670395E-8i
-12.525589043215584,-18.28766850291015,0.00787585504874668-2.1265051225947113E-8i,-0.007735699796613679+2.0886627728085028E-8i
-13.954660492105072,-15.853231091466986,0.005282555144344968-1.4263061604502015E-8i,-0.008332560374569113+2.2498169673233256E-8i
-15.639464156994816,-11.864261552348836,0.0025447252507305846-6.870836560324728E-9i,-0.008855589250530668+2.391036374881363E-8i
-14.182689117055352,-13.56391588235085,0.0038038118897059077-1.0270409268305723E-8i,-0.009144123641455457+2.4689415491830786E-8i
-7.0006003664019785,-22.751605492735933,0.02053725841436977-5.545123031328041E-8i,-0.006097603105657458+1.6463716205381938E-8i
-5.555555555555557,-24.999999999999996,0.02589612434043039-6.992033337895845E-8i,-1.4137391678586964E-4+3.8171392996152354E-10i
-8.414025017547926,-20.53657358002667,0.014880814543530694-4.017865763062001E-8i,-0.009295005547149009+2.5096801284710083E-8i
-4.348913750612613,-22.707869808262085,0.02960009920590445-7.992117960662717E-8i,-0.00823680361080494+2.2239623461543553E-8i
-2.7777777777777786,-24.999999999999996,0.0344280120764175-9.295669306775864E-8i,-0.0018194800308241749+4.9126521273672795E-9i
-22.844835019597397,-7.051360413758099,2.0349011501630496E-4-5.49429578505E-10i,-0.00788306572613512+2.128452027699812E-8i
-24.999999999999993,-5.555555555555548,-1.643086784834195E-6+4.436384929391549E-12i,-0.007900360518461455+2.1331216748998052E-8i
-20.624682933830783,-8.00651456913335,5.5014194456954E-4-1.4854001959676042E-9i,-0.008047075778872832+2.1727352471274696E-8i
-18.287082771793237,-8.770127601657084,9.924525781100136E-4-2.679652530705364E-9i,-0.008459075213990924+2.2839763636617954E-8i
-16.069692822903477,-9.643638111232779,0.0015490241659538995-4.1824129615593444E-9i,-0.009067963132501232+2.448377977173605E-8i
-22.83021864051463,-4.181338317301222,-4.231475788480747E-6+1.1425114968171418E-11i,-0.008002427090551453+2.1606799637524336E-8i
-24.999999999999996,-2.7777777777777786,-9.948297879369683E-7+2.686071070002018E-12i,-0.007897698395141187+2.1324028934035088E-8i
-9.792536728395133,-18.34451024649124,0.010311269750024022-2.7840745935732006E-8i,-0.010282167503316708+2.776216897320663E-8i
-14.047259664798714,-10.05795934260261,0.001949934233897781-5.264882493953855E-9i,-0.009900839081116261+2.6732570487478003E-8i
-11.183498735667488,-16.116834529262817,0.00693223878097007-1.8717258237412738E-8i,-0.01034038267285267+2.791935172411377E-8i
-12.105365153889839,-13.949896130119935,0.004712203816973089-1.272309545247204E-8i,-0.010407755904994596+2.810126152614665E-8i
-13.169077448970054,-11.882955205877906,0.0030545401865722474-8.247352590562696E-9i,-0.010143990150666915+2.7389085864874706E-8i
-5.7493067071134645,-20.500048731097433,0.020273727121114315-5.4739687704124905E-8i,-0.014440758042043388+3.8990491521858105E-8i
-7.0924358859436785,-18.312494427052894,0.012854582280397223-3.4707768107577394E-8i,-0.014647254256055864+3.954803766024748E-8i
-3.1893274616753793,-20.423848619133402,0.030217876502161355-8.158919733547268E-8i,-0.027347931047694535+7.384025620753479E-8i
-1.840551734868282,-22.56991369793656,0.052823795891004256-1.4262587599931385E-7i,0.0048669882262348365-1.314101812519121E-8i
-7.105427357601002E-15,-24.999999999999996,-0.006538222125713443+1.7653401131605506E-8i,-0.0060937220447198695+1.6453237221305127E-8i
-20.60549023575682,-5.416326864421522,1.4803050069106075E-4-3.996869115439498E-10i,-0.008224928637883204+2.2207560668877726E-8i
-18.353445215433634,-6.5023627203451975,4.197278100530009E-4-1.1332780157191219E-9i,-0.008616782180915732+2.3265577305050097E-8i
-16.156475080752188,-7.546435890211385,7.941201329051591E-4-2.14414881955844E-9i,-0.009200594575522079+2.4841888753243754E-8i
-14.675776357203198,-8.473643457679572,0.0011935161945117526-3.222530488208606E-9i,-0.009717702070564924+2.6238094917951208E-8i
-22.782977011646647,-1.4231848464871049,-1.8050239421003403E-4+4.873620242527275E-10i,-0.007878843116409365+2.1273119100673746E-8i
-24.999999999999996,7.105427357601002E-15,-1.1316260882428726E-6+3.0554252933722644E-12i,-0.007673296884800618+2.0718137944037392E-8i
-22.772624697988295,1.3709615204008943,-3.333592906147644E-4+9.000803528874568E-10i,-0.007547055092271919+2.0377281215675157E-8i
-24.999999999999996,2.7777777777777786,-9.27548944771687E-7+2.5044107216303754E-12i,-0.007260717973596416+1.9604162175415388E-8i
-20.572188567539577,-2.734647392431572,-2.1810798389972075E-4+5.888982747540073E-10i,-0.008174441012433198+2.2071242525026934E-8i
-8.390838536074279,-16.131553573780984,0.00823758221772244-2.224172572420411E-8i,-0.013647129668471739+3.684767046764763E-8i
-12.91518061116627,-8.361276883976862,0.0011559849311654571-3.1211949211245997E-9i,-0.010506502911127225+2.836788148433823E-8i
-11.814366591554462,-10.121980844499712,0.002098707399699265-5.6665746241718566E-9i,-0.011115940147450131+3.00133807944674E-8i
-9.562410486082081,-13.999159155707204,0.005333717521951493-1.4401201599955151E-8i,-0.012692444175302941+3.42699902295974E-8i
-10.647039421585013,-12.079670259346887,0.0034884226132563534-9.41884850717865E-9i,-0.011873256395773274+3.2058157992014014E-8i
-4.500270102285886,-18.2675341147562,0.01452004880454135-3.920457902293991E-8i,-0.022063153579972447+5.957119426146371E-8i
-5.760390495721254,-16.094763592290402,0.008467610074275633-2.2862808022282343E-8i,-0.018289788045930535+4.938299109127189E-8i
-2.004216861426166,-18.207800072021712,0.010016436339516216-2.7044686645817955E-8i,-0.033520140423418686+9.050541164014045E-8i
-0.7332481478950817,-20.286765210657997,0.015316608821950536-4.1355315605812774E-8i,-0.06815901709924699+1.840314456214195E-7i
0,-22,-0.0016516535030389912+4.45951533290658E-9i,-0.021651752121787316+5.846039765226014E-8i
1.8402290954969067,-23.033355904495263,-0.04742333383055371+1.280444620895261E-7i,0.004511077960149523-1.2180049443911389E-8i
2.7777777777777786,-24.999999999999996,-0.03925351764238342+1.059857067324613E-7i,-0.001961198575825556+5.295296564125868E-9i
4.078848606187839,-22.805054039824764,-0.036701491376541794+9.909515720644946E-8i,-0.006776751643693357+1.8297438177405647E-8i
5.555555555555548,-24.999999999999993,-0.030398142481672923+8.207592103275566E-8i,-1.9342109851228548E-4+5.222429237958514E-10i
-22.769537136658666,4.148581509963448,-4.618329763057076E-4+1.2469632615345078E-9i,-0.007043934569537631+1.901884030703211E-8i
-24.999999999999996,5.555555555555557,-8.764309368432718E-7+2.3663905253408665E-12i,-0.006688419803111023+1.8058939487009577E-8i
-22.78300140732266,6.921977134638894,-5.667378280265247E-4+1.5302095924917605E-9i,-0.006395436126956487+1.7267874536826608E-8i
-25,8.33333333333333,-7.693825489022791E-7+2.077356581123579E-12i,-0.005980809497644013+1.6148369866235706E-8i
-22.802727512409025,9.714353050408588,-6.523045862210225E-4+1.7612424752696822E-9i,-0.0056178387101411915+1.51683375596476E-8i
-24.999999999999996,11.11111111111111,-6.188462801278346E-7+1.6709040171468787E-12i,-0.005159028944345334+1.3929537059610772E-8i
-18.360354843048555,-3.9988766895803964,-1.2819418720821466E-4+3.461282541368047E-10i,-0.008599122043197736+2.321789438923802E-8i
-16.028014043232123,-5.33218025975653,1.0158163306347306E-4-2.7427353821842354E-10i,-0.00922863557583368+2.4917600317811252E-8i
-14.235117031203654,-6.773215428030502,5.135539155270938E-4-1.3866113905583275E-9i,-0.009890405602819327+2.6704399774702634E-8i
-20.54736114352384,-0.008032966867251561,-5.387119243372707E-4+1.4545387892703564E-9i,-0.007914259472567334+2.136874435320621E-8i
-20.54352655022335,2.7475435768817817,-8.124254585617635E-4+2.1935737626774866E-9i,-0.007470306858589154+2.0170058620711266E-8i
-18.303964716449535,-1.3681798093087958,-6.254257837714402E-4+1.6886688807273582E-9i,-0.008393546285636594+2.266283351162244E-8i
-6.9646612980254945,-13.921783075430797,0.005158681819146485-1.3928599810883435E-8i,-0.015773332483678192+4.2588483560609784E-8i
-10.751582396432031,-8.265551769418531,9.5060515521057E-4-2.5666631998796147E-9i,-0.011618813635925998+3.137115470300601E-8i
-12.000209828930204,-6.470138126904744,2.1898644822167015E-4-5.912701554817953E-10i,-0.010788561960140835+2.912944960473663E-8i
-9.362983610452964,-10.08309143142384,0.0019047608862597827-5.1429130638894996E-9i,-0.012729130482920849+3.436904439018806E-8i
-8.144260888210843,-11.828690725037058,0.0031090649993604316-8.394571264579771E-9i,-0.01402536342820864+3.786891326940251E-8i
-8.869527816206183,-8.21838521415971,5.979720232056017E-4-1.6145428815590199E-9i,-0.012691325118542743+3.426696874187532E-8i
-3.226422081882694,-16.06491459753571,0.006146444341765737-1.6595589047296404E-8i,-0.024062337112880052+6.496905137973508E-8i
-4.407701277698392,-13.87252563068203,0.003679060011942343-9.933575355699239E-9i,-0.019279686834434383+5.205574831137591E-8i
0.3984138078749387,-18.136968659565344,-0.004625549234524471+1.2489125410700063E-8i,-0.04080852248374855+1.1018426770185088E-7i
-0.8238966770294786,-16.05737437158719,2.426516912623351E-5-6.55167040632053E-11i,-0.02854911616740957+7.708349303000988E-8i
2.108050527061005,-20.360079014428482,-0.03509333597617203+9.475308809059084E-8i,-0.034277485717345076+9.25502672617073E-8i
2.4082379193993706,-17.773056725733603,-0.015582676708501896+4.2073707094998946E-8i,-0.030871179493371093+8.335313553496314E-8i
6.809627412763641,-22.821580906664177,-0.02559293032350933+6.910170019420064E-8i,-0.006296648118305079+1.700114387057233E-8i
8.333333333333337,-25,-0.02238839015530931+6.044934303290241E-8i,3.3859538711697446E-5-9.142179747251818E-11i
5.225519638871786,-20.677408873589304,-0.027091906054709142+7.314898084031825E-8i,-0.01588517957744621+4.289047415892967E-8i
-22.796203362501657,12.478647980747573,-7.289561041687737E-4+1.9682039347686233E-9i,-0.004745431803081466+1.2812812038461687E-8i
-24.999999999999996,13.88888888888889,-4.4670872752690843E-7+1.2061273248616745E-12i,-0.004242308091999621+1.1454362521179785E-8i
-20.548876026590545,5.5152665920038375,-0.0010439942590367336+2.818816656807264E-9i,-0.006870550528489931+1.8550698055576682E-8i
-20.57802750793066,8.262378320715415,-0.0012318545322195923+3.326045180928169E-9i,-0.006144652652595016+1.6590751431347706E-8i
-20.611329346104387,11.027180671900672,-0.001386425862565192+3.743392534010697E-9i,-0.005303904469810235+1.4320705440861698E-8i
-15.974829004717028,-2.771319527182712,-5.985392486946387E-4+1.6160744078524E-9i,-0.009040378913070121+2.4409301529614372E-8i
-13.377450257672912,-4.451386927104462,-4.0634310169936565E-4+1.097138890883224E-9i,-0.010007729686592004+2.7021178414739007E-8i
-18.307807493926074,1.362381991627404,-0.001059257620308789+2.8600282023886676E-9i,-0.007988555057369756+2.156934472064644E-8i
-18.320715864229264,4.115624990312946,-0.0014277942499852276+3.855088454285233E-9i,-0.007423347266219821+2.0043266274850828E-8i
-16.04779618843374,-0.03499597856499717,-0.0012084807939576707+3.262935367655759E-9i,-0.008631204195341155+2.3304517188229244E-8i
-5.60926863038852,-11.634671296089415,0.001984033130337598-5.356950564666881E-9i,-0.01634408051820237+4.412952083416929E-8i
-11.159511430017515,-4.716004961875908,-6.467330893054248E-4+1.7461992619815114E-9i,-0.010875867007793746+2.936517592259639E-8i
-9.562417247088842,-6.253392791022201,-2.8960069315018503E-4+7.819307918690241E-10i,-0.01188263184647879+3.208347199770314E-8i
-6.987709371716425,-9.30015175811926,7.407934713160988E-4-2.0001651906851537E-9i,-0.014209799125377101+3.8366895332798264E-8i
-7.607884312104933,-7.186536758249465,-3.2369935838154064E-4+8.739982383115435E-10i,-0.0131162625601634+3.541431292329576E-8i
-1.954272637921676,-13.880812952503115,5.212099313655858E-4-1.4072828691438227E-9i,-0.02227374660376331+6.01398019124463E-8i
-3.0396742900189353,-11.654852398396427,5.611104880715959E-5-1.5150156012790067E-10i,-0.018569046960216853+5.013699876165934E-8i
1.429643364222116,-16.135114441331993,-0.007624474895085741+2.0586317067977542E-8i,-0.02821794805605407+7.618932892861569E-8i
0.4032061935965095,-13.917955920934268,-0.0038093336685572354+1.028531824128506E-8i,-0.023408566015992126+6.320384928049541E-8i
4.280289783639281,-18.548831210534765,-0.020323585081803132+5.487430573372129E-8i,-0.023034118804923082+6.219283027677855E-8i
3.657154962924093,-16.225999590475826,-0.012705908397179647+3.430634404339227E-8i,-0.02393051135240108+6.461311776590842E-8i
9.616727172698148,-22.80492131211213,-0.01890020781428495+5.103114326815085E-8i,-0.0045028962991409014+1.2157958707174548E-8i
11.111111111111114,-25,-0.016596816480474053+4.4811915717147116E-8i,2.845239203233078E-5-7.68223348862787E-11i
8.047780169935189,-20.64210121445884,-0.0200476515502284+5.4129276699087694E-8i,-0.010260564387340564+2.7703839894646197E-8i
6.930205431567391,-18.509251142780613,-0.018147058793136883+4.8997617712341666E-8i,-0.015600994956393+4.2123166928550445E-8i
12.451786089639954,-22.783743817983076,-0.014022084229114102+3.786005933084018E-8i,-0.00342761135344948+9.254656232574247E-9i
13.88888888888889,-24.999999999999996,-0.012229404967788663+3.301977010664319E-8i,1.5307654647208253E-5-4.1331139057949107E-11i
-22.74542942541087,15.294794750251706,-8.079701534172654E-4+2.18154430155279E-9i,-0.0037700753350356866+1.0179319531527732E-8i
-24.999999999999996,16.66666666666666,-5.181160811125926E-7+1.3989293771736742E-12i,-0.003249287911615032+8.773177446851024E-9i
-22.699107368283702,18.014201751258703,-8.724332282473204E-4+2.3555965892047443E-9i,-0.0027623840869961578+7.458522122628734E-9i
-24.999999999999996,19.444444444444443,-3.823548125429325E-7+1.032369770259225E-12i,-0.0021985042537161193+5.936029203987131E-9i
-20.617733891085685,13.835559411924464,-0.0015210971840973891+4.107009250332254E-9i,-0.004356232640052109+1.1761962310058289E-8i
-18.339364055529465,6.860777646955139,-0.0017379489054683377+4.692515577562118E-9i,-0.006726349818114791+1.8161351695853037E-8i
-18.38508957773577,9.531537070835878,-0.0019849110428423835+5.359320955470205E-9i,-0.005935781655385414+1.602679330517628E-8i
-18.403871678227684,12.187818531053525,-0.0021966833851309506+5.931112802722697E-9i,-0.005059302835462891+1.366027349383727E-8i
-13.7313939794653,-1.4422974987810893,-0.0012784131595435927+3.4517549088135318E-9i,-0.009436049989803413+2.5477625624368633E-8i
-11.512221431257965,-2.6423570425710308,-0.001338135601119228+3.6130073406558834E-9i,-0.010344729719050918+2.79310888827489E-8i
-16.082740075512763,2.723630575449452,-0.0017275248160425287+4.664370215026033E-9i,-0.008073725681829532+2.179930803013827E-8i
-16.105827408029498,5.484535174390328,-0.0021697635668969325+5.8584284642976675E-9i,-0.007385635119150348+1.994144231614211E-8i
-13.830261037513095,1.3383594560031697,-0.0019547801307146042+5.277966564625636E-9i,-0.008842204289708019+2.3874223942305235E-8i
-4.11160465666103,-9.2300241888709,-7.068419552083623E-4+1.908495051408964E-9i,-0.01603024010929033+4.3282142063105366E-8i
-9.351545981224954,-3.7775073816321347,-0.0014123463755172788+3.813378717391356E-9i,-0.011388837089370838+3.075021094350458E-8i
-7.259359203309857,-5.161624975293537,-0.0014222665224270699+3.840163419612035E-9i,-0.012650485456453683+3.415670039627937E-8i
-5.29545198285609,-6.960318364511192,-0.0013101398380390903+3.53741791800446E-9i,-0.014238629622125517+3.844473856206447E-8i
-0.636310436510944,-11.71678150244969,-0.0025502547823231247+6.885766465946301E-9i,-0.01991396445886845+5.3768317434548966E-8i
-1.7052245421630634,-9.550134964665808,-0.002246471366907561+6.06554188710128E-9i,-0.01743618819575138+4.707824520296475E-8i
2.6930798507033917,-13.983266253459846,-0.007751589078488348+2.0929529278571896E-8i,-0.022225920925028553+6.001067110672213E-8i
1.7092823392222973,-11.734272740001941,-0.005285059545691195+1.4269823565275017E-8i,-0.019950332198456804+5.386651145164748E-8i
5.884082750179907,-16.43913491467642,-0.014369891624326269+3.879915001117466E-8i,-0.018991607515637738+5.127792527712635E-8i
4.957809392778667,-14.08482066707308,-0.010169648686657167+2.7458364702388996E-8i,-0.019719738998010834+5.3243902707644324E-8i
11.004131510710156,-20.574063374698667,-0.01508779491247437+4.073751100223519E-8i,-0.007448413068655869+2.0110944713512916E-8i
9.681224587858178,-18.422905512120614,-0.01485095177774278+4.009802724315062E-8i,-0.011505625373710962+3.1065542908569045E-8i
8.46233479201506,-16.32512552530733,-0.013308818334867195+3.59342194461532E-8i,-0.014836645489492997+4.005939982421112E-8i
15.263173054739598,-22.791560283352755,-0.010209510033201896+2.756599156588038E-8i,-0.002789007704505011+7.530406709973564E-9i
16.66666666666666,-24.999999999999996,-0.008674405562713317+2.3421162210835673E-8i,9.088956750058497E-6-2.454046318534789E-11i
13.852579728709676,-20.545797354846457,-0.01132303862465372+3.0572553062026004E-8i,-0.005953393110976042+1.6074344777746545E-8i
18.047746714294018,-22.856741531143115,-0.006996317559234351+1.8890272912497966E-8i,-0.002365001013604239+6.385575584166542E-9i
19.444444444444443,-24.999999999999996,-0.005579446960393669+1.5064678652776234E-8i,5.649759654816992E-6-1.525452509272955E-11i
-23.166678932281208,23.217761776312123,-7.321975613758747E-4+1.9769559690742755E-9i,-7.155437729621988E-4+1.9319902273814047E-9i
-25,25,-3.044672832186457E-7+8.220710437409652E-13i,2.531940785088782E-7-6.836318094351329E-13i
-24.999999999999996,22.222222222222218,-1.0795902389004741E-6+2.91492689913706E-12i,-0.001109104774290622+2.9946170535443093E-9i
-22.527600128362437,20.849387415232975,-9.727218174538366E-4+2.62637886918056E-9i,-0.001662785278293928+4.489571468979735E-9i
-20.737777536758983,19.125526301989183,-0.0016509530190259593+4.457624004497177E-9i,-0.002369864858088841+6.398708114092143E-9i
-20.18383711916992,16.704390928967264,-0.001794188496023232+4.844364204367984E-9i,-0.0033218869809573917+8.969197170292597E-9i
-18.33342028878453,14.775316968631476,-0.002396625356409044+6.470962283842465E-9i,-0.004134686046721024+1.116377968392073E-8i
-16.1573538003625,8.173331047279621,-0.0025281761992182275+6.826153611494147E-9i,-0.00659911241627301+1.781780679167856E-8i
-16.222012646157562,10.675784000296789,-0.002805462777419688+7.57483591370004E-9i,-0.005777631424195924+1.5599782809577316E-8i
-16.20693297018621,13.215906352499102,-0.003067189058607922+8.281504934673906E-9i,-0.004875702889535029+1.3164547984531477E-8i
-11.565086818891224,0.06778202084619833,-0.002159325896803732+5.830246433540265E-9i,-0.009720180856847995+2.6244787717268455E-8i
-9.39171772491924,-1.2189694352026932,-0.0023184109006919446+6.25978084422131E-9i,-0.010712077592983399+2.8922939457519474E-8i
-13.841219875616734,4.138241410588475,-0.0025471432546221814+6.877365245314248E-9i,-0.008141533629947822+2.1982391578698554E-8i
-13.897118153535484,6.896615396211982,-0.0030358631162387315+8.196923925367213E-9i,-0.00733070636254346+1.9793132981374182E-8i
-11.57282804657685,2.8230283248817436,-0.0028780930831673233+7.770939976396087E-9i,-0.00900093142997189+2.4302792110179388E-8i
-22.342222050548916,25,-0.0010668981746740542+2.8806579345223117E-9i,7.604661769651985E-7-2.0532821022235604E-12i
-2.3599564955350854,-7.05758428050332,-0.002733280313585063+7.379941037960252E-9i,-0.015554924873218258+4.1998776284915975E-8i
-7.224048850756295,-2.672695083827443,-0.002433616912232451+6.570840623990076E-9i,-0.011885615277762046+3.209152735406568E-8i
-5.320648070859734,-4.181802901424022,-0.0025043714665052333+6.7618800999287535E-9i,-0.01311653189206114+3.541504012771627E-8i
-3.5539218152464045,-5.21370701233165,-0.0028252104656596388+7.628155280217399E-9i,-0.014213034814351672+3.83756317926961E-8i
0.7688203182192035,-9.56266003819659,-0.004249495685018611+1.1473769243726428E-8i,-0.017994478682369187+4.858564671345556E-8i
-0.3494361447062388,-7.8330213446738925,-0.003703082166692273+9.99843591346033E-9i,-0.016609663676002882+4.4846603540801056E-8i
3.941109220298963,-11.785468111464384,-0.00736548446842486+1.988703493849749E-8i,-0.019014062137681875+5.133855344829938E-8i
2.884792373958562,-9.49956214329534,-0.005781085049144988+1.560910770331915E-8i,-0.01780948780325994+4.8086165641719725E-8i
7.3245109613440675,-14.159155502438464,-0.01093797904760955+2.9532880343289882E-8i,-0.016864973645831713+4.553594832346618E-8i
9.82723027119622,-14.144275898648267,-0.010382968472640475+2.8034334695281984E-8i,-0.01442083145769743+3.893668913034207E-8i
6.248312518431619,-11.916643151727191,-0.00866658902355804+2.340005731435036E-8i,-0.017504181276283032+4.7261828614742574E-8i
12.505900054561657,-18.304843877865835,-0.011678938233954819+3.153349296965881E-8i,-0.009214629453809594+2.4879783356927298E-8i
11.136995568359616,-16.18204793761239,-0.0113474622345935+3.063849756116561E-8i,-0.012151329559478287+3.280896409930672E-8i
12.273420225859189,-13.98178597720542,-0.00908677767396289+2.4534579613215758E-8i,-0.012772016260393863+3.448483731034589E-8i
16.671745598252887,-20.563053470880174,-0.008134380619299074+2.1963078229615383E-8i,-0.005072791340073425+1.3696692871762362E-8i
15.265732138863836,-18.272828696618074,-0.00888431882837457+2.39879344939303E-8i,-0.0078646763188389+2.1234868310866153E-8i
19.447193492429026,-20.83461876016401,-0.0053193206397067665+1.4362329574436341E-8i,-0.004323863540645785+1.1674564744620489E-8i
20.80465787420712,-22.950515086427288,-0.004120025906017118+1.1124196852456854E-8i,-0.002086832309425163+5.634511514651105E-9i
22.222222222222218,-24.999999999999996,-0.0027349333074856105+7.38440417240626E-9i,4.994536603945369E-6-1.3485402675069741E-11i
23.115539043836673,-23.197463717802833,-0.0018340383766063464+4.951960109410649E-9i,-0.0017756451493325636+4.794296597125123E-9i
25,-25,-1.427488189681414E-6+3.854262083221384E-12i,1.7184530179265023E-6-4.6398760798177616E-12i
-20.98826754856321,23.015049006356858,-0.001608805754117958+4.343825091012949E-9i,-8.082982233371255E-4+2.1824301004420423E-9i
-19.815104369606544,21.05482531822788,-0.0020598150160078474+5.561563990232903E-9i,-0.0016184626880952162+4.369899110206496E-9i
-18.469387819729164,18.89491201415938,-0.002545222090285694+6.8721780424299896E-9i,-0.0025284045423442044+6.826770144966131E-9i
-17.691024407492776,16.78751549951891,-0.002758738321550621+7.448678443632654E-9i,-0.0034023486392120773+9.1864461259854E-9i
-15.931545511562076,15.618714080825002,-0.003374646852876903+9.111650449603078E-9i,-0.003979185677751573+1.0743923897939019E-8i
-14.175878277116912,14.23879317932787,-0.0039448843213325535+1.0651309179051672E-8i,-0.004685634036204392+1.2651356225982155E-8i
-13.911531493597508,9.512225860266884,-0.0034446541045546155+9.300672185516886E-9i,-0.006472908916893086+1.7477053455995057E-8i
-14.174869419268493,11.79901135485994,-0.0036637852852681035+9.892333123183527E-9i,-0.005620578298801111+1.5175734533416E-8i
-9.321037663419593,1.543568591333618,-0.0031800953816281813+8.586355484599402E-9i,-0.009960797578959546+2.689446027851737E-8i
-7.1790712102518475,0.13536881544845,-0.0034021442596717244+9.185894294931207E-9i,-0.011031998598563922+2.9786736026886436E-8i
-11.818292863852054,8.417782981529278,-0.003988992730412921+1.077040324220531E-8i,-0.007199852357976338+1.9439823138440892E-8i
-11.609371071463762,5.611495629553346,-0.0035012141730644173+9.453386112671215E-9i,-0.008168047683506735+2.2053980339999962E-8i
-9.310626926713518,4.288923916785966,-0.0039202368914399155+1.0584760359142919E-8i,-0.009123789528845676+2.4634512761447082E-8i
-19.684444101097828,24.999999999999996,-0.0021510349154464556+5.807860528497003E-9i,5.45561214972586E-7-1.4730320856220912E-12i
-1.8971941513647528,-4.895377115117524,-0.0036642284531600232+9.893529690143316E-9i,-0.014622665452929793+3.9481647134416736E-8i
-0.1909211831153226,-5.706526063920419,-0.0042514186080474066+1.1478961195134084E-8i,-0.015462529318506531+4.174930544119977E-8i
-4.989400090563864,-1.4417404318404323,-0.00360088731219683+9.722506658489293E-9i,-0.012264715884898233+3.3115110670496787E-8i
-2.8697112737048673,-3.0149038646761177,-0.0038536146149463174+1.0404878160489919E-8i,-0.013538881069135674+3.655539591513846E-8i
1.623536012439294,-7.302914115453029,-0.004937463822375168+1.3331304405580738E-8i,-0.016560047206031242+4.471263754357572E-8i
1.5518788203521214,-5.2672978727146,-0.005131773261657491+1.3855945876819333E-8i,-0.015571373877647895+4.204318910354489E-8i
5.133591676267112,-9.701215940601545,-0.007049816432237466+1.9034721517495257E-8i,-0.01728492979593249+4.6669842864349546E-8i
3.9962087594795888,-7.64231858902605,-0.00610681225617847+1.6488581195452477E-8i,-0.016680181234212475+4.503700312006988E-8i
8.656800685306749,-11.993343805907827,-0.0089907804479445+2.427538414603121E-8i,-0.01579436492368473+4.264527179647683E-8i
11.109319394292642,-12.224196643418168,-0.008616366670946203+2.3264455415333753E-8i,-0.01424088526001921+3.845082885385725E-8i
7.4769044617664235,-9.776362912108054,-0.007721466702274328+2.0848197934958712E-8i,-0.016359803306762285+4.417197284758146E-8i
14.015314917707391,-15.817474081570378,-0.008901355697361427+2.4033934564968995E-8i,-0.010590751779525533+2.8595356024072865E-8i
13.972861222417837,-13.93300436223643,-0.008051163532530822+2.173838953206413E-8i,-0.011966115107387425+3.230887937363305E-8i
13.930776313309027,-12.261979412855744,-0.007383784764596454+1.993644630185136E-8i,-0.012921206278187528+3.48876549537812E-8i
16.28510773373712,-16.27049125406902,-0.0072567827460648816+1.959353693986338E-8i,-0.009303516738306128+2.5119781762998553E-8i
18.15404846048114,-18.076774199156628,-0.006099464860540711+1.6468743000912047E-8i,-0.007201000579860847+1.9442923372896143E-8i
20.677530774782703,-18.793354588255855,-0.0039049492177637033+1.0543483169319473E-8i,-0.006131014698096829+1.6553928534123056E-8i
22.550815122754017,-20.814264964629242,-0.002307493503014834+6.230303534211537E-9i,-0.004095528634238619+1.1058053464083528E-8i
24.999999999999996,-22.222538537957643,-5.190772991011301E-6+1.4015246963113971E-11i,-0.002702003065371985+7.295491504369972E-9i
-18.39355570948235,22.96831952836817,-0.002676545492162415+7.226755272555924E-9i,-8.529215535279336E-4+2.302914466458111E-9i
-17.059182040571297,20.76745162204996,-0.0031899537895865204+8.612973489751716E-9i,-0.0018054243248003948+4.87470128815419E-9i
-15.666119723357314,18.22501796571877,-0.0036613361689805143+9.885720433768802E-9i,-0.0029347933794165093+7.924032522767298E-9i
-13.456797149417906,16.470213750903902,-0.004460891893030506+1.2044545516845888E-8i,-0.0038386578967708335+1.0364494560714388E-8i
-12,15,-0.004924703261834473+1.3296850499068734E-8i,-0.004617646234299605+1.2467787066659919E-8i
-12.59736328755762,13.2402719452306,-0.004454961822566023+1.2028534143931895E-8i,-0.005267323627900733+1.4221936040933684E-8i
-11.486185910575069,11.302855107625753,-0.00460913898435239+1.2444817229762282E-8i,-0.006196970794335185+1.673201202556312E-8i
-4.88494898014297,1.2523659420060291,-0.004500171182952807+1.2150600809528677E-8i,-0.011384672557981416+3.0738966580479054E-8i
-6.7623466907455505,3.215474266343947,-0.0044614435056794495+1.2046034887990388E-8i,-0.010165825088029086+2.7448040868322308E-8i
-9.803205670470218,9.567111766451447,-0.004943188649426241+1.3346761614955171E-8i,-0.0071660490163520385+1.934855307483164E-8i
-9.218790651313746,7.1080271836093605,-0.004630049314174081+1.2501275764370258E-8i,-0.008195422977657919+2.2127894477429092E-8i
-7.398679085801374,5.461619277373624,-0.004864815479263196+1.313515164144524E-8i,-0.009222932721363156+2.490220243508307E-8i
-17.02666615164674,24.999999999999996,-0.0032703812061058435+8.830129991702062E-9i,7.091837349685696E-7-1.914817929026653E-12i
-0.7039360744400337,-3.5980507160648565,-0.004541111277855017+1.2261140326812851E-8i,-0.01440692975702896+3.8899154110334637E-8i
0.8024608003490015,-4.077263563297902,-0.005033153926959322+1.3589670635432876E-8i,-0.014953864417118101+4.0375894539412E-8i
-2.457972157667463,-0.16877549856949575,-0.004890812602963035+1.3205344676204617E-8i,-0.012629138591997189+3.40990632047184E-8i
-0.9224988946638291,-1.7527435479075049,-0.004963395089067407+1.3401319624392878E-8i,-0.013647282291309043+3.684808255400995E-8i
2.3921912418589244,-3.788749325262133,-0.005676905524607284+1.53278197781021E-8i,-0.015143241624741099+4.088721883324482E-8i
3.2039323695254343,-5.637718608142141,-0.0057548935465198126+1.5538389839475095E-8i,-0.01589326850760824+4.291231451952785E-8i
6.254222723667517,-7.58694073598826,-0.0068326243159219134+1.844829611342844E-8i,-0.016315140027083664+4.405138061671831E-8i
4.973990159852153,-6.039754739841234,-0.0063395749989546115+1.711704777057078E-8i,-0.01605278672631305+4.3343018623556094E-8i
12.211389171649113,-10.533367211348729,-0.007478071518636909+2.0191023442006765E-8i,-0.014312536747068344+3.864429007591936E-8i
10.056511863467477,-9.803260156643606,-0.0077126016254821395+2.0824261954552794E-8i,-0.015307094906380233+4.132962774072592E-8i
8.512308045512679,-7.65695247478473,-0.0071355444262731224+1.926618974201145E-8i,-0.0158756069512128+4.28646277732432E-8i
13.987188101981676,-10.020468133405661,-0.0066384117963844925+1.792391632848971E-8i,-0.01396946472728558+3.7717985055105276E-8i
15.771780370448845,-13.88793046010936,-0.00684202002681233+1.8473664822240865E-8i,-0.011275826408265618+3.0445078623535036E-8i
15.954579172236635,-11.578733122732132,-0.006054347755763728+1.6346925428305793E-8i,-0.012671781425594683+3.421420016892764E-8i
18.235266739703672,-15.260014621609047,-0.005402290660213675+1.4586351185471918E-8i,-0.009584135952465734+2.587746228494261E-8i
20.499527759428524,-16.537467311042402,-0.0037736724819078713+1.0189031938884443E-8i,-0.008135333554751415+2.196565118469093E-8i
22.736270881637026,-17.92911993741827,-0.001983518922826312+5.355562188545187E-9i,-0.00672818209519913+1.8166298900419714E-8i
24.999999999999996,-19.44507707591527,-1.3603943737431716E-6+3.673106713040652E-12i,-0.005307158207785091+1.4329490633620155E-8i
-15.701410699760347,22.854018976981475,-0.0038269697699289396+1.033293625822467E-8i,-9.439652950656574E-4+2.548735372965509E-9i
-14.30795188232607,20.608617908978324,-0.004371832351993356+1.180408201280957E-8i,-0.0019790106785880592+5.34338979023792E-9i
-12.74694925240192,18.4277008835959,-0.004935772934878056+1.3326738957255571E-8i,-0.0030448131836583667+8.22108938308258E-9i
-11.24861098721042,16.241233516331818,-0.005397810016974821+1.4574253310717577E-8i,-0.00416495339369206+1.1245502453047082E-8i
-10.31436324439114,14.193326377335941,-0.00554065781211129+1.4959946757619642E-8i,-0.005190642809024018+1.4014895468023249E-8i
-8.849412719009072,11.629232879773948,-0.005728757377826156+1.5467821378947895E-8i,-0.006531275783322077+1.7634645793186555E-8i
-2.7295295837455567,2.3435495633232395,-0.005575752611348392+1.505470379656214E-8i,-0.011681111913739472+3.1539361972035616E-8i
-0.9690710086578548,1.4953343505963497,-0.005910643615669587+1.5958919823636397E-8i,-0.012519513187132254+3.380307123487105E-8i
-4.430146460279866,3.445137753767794,-0.005324656057873319+1.4376735367831282E-8i,-0.010774568982298052+2.9091668133549174E-8i
-5.223334543529122,5.385229094026545,-0.0056191337602248545+1.5171834234765457E-8i,-0.009851705770772457+2.6599909036133305E-8i
-7.64334620760115,9.377660679718904,-0.005742584826459546+1.5505155916176044E-8i,-0.007705225548465931+2.080434631940856E-8i
-6.529163357977971,7.427399245994305,-0.005694983138756711+1.5376629893137037E-8i,-0.008734865213569287+2.3584405130442152E-8i
-14.368888202195654,24.999999999999993,-0.004443126169292673+1.1996577515527853E-8i,7.839875826494888E-7-2.116790622970081E-12i
0.9278173915188571,-2.190138895643435,-0.005501600676192444+1.4854491287591675E-8i,-0.01428990832947479+3.858319265140995E-8i
0,0,-0.005781792216629648+1.5611017077312865E-8i,-0.013307955936076038+3.593189094285531E-8i
3.0818072402483225,-2.2028071288868034,-0.00617900344030141+1.668349961623966E-8i,-0.014776149202199005+3.98960579850932E-8i
4.6857892231705245,-3.7852770065558032,-0.0063586284734466324+1.716849273858989E-8i,-0.015446005893103649+4.170469168365495E-8i
7.188998468883314,-5.197690057585684,-0.006761918788978674+1.8257389012791244E-8i,-0.015825004618556824+4.272799991640436E-8i
12.126479623512632,-8.772359027404041,-0.006965120053317041+1.8806038685566847E-8i,-0.014872714485251142+4.0156787223768716E-8i
10.577538712060333,-7.729685378445541,-0.007048241433522324+1.903046897244912E-8i,-0.015429587643686297+4.166036190450742E-8i
9.924991191103402,-5.908612660812886,-0.006870339171919135+1.855012738632663E-8i,-0.015708092044723152+4.241233236587891E-8i
13.972618479062927,-8.090638762223232,-0.006239627861204804+1.684718742004662E-8i,-0.014728743901835714+3.976806221392394E-8i
15.96875578359266,-9.376788644528135,-0.005584711794172276+1.5078893866148265E-8i,-0.013844131020014083+3.7379580184905836E-8i
18.06865148103763,-12.918290688019159,-0.005019297261693659+1.3552257212396515E-8i,-0.011336335808825178+3.0608455868874765E-8i
18.16902160296388,-10.912647763852195,-0.004599187987799608+1.241794923255728E-8i,-0.01262427505278343+3.4085931499031975E-8i
20.38904974570172,-14.112290598336058,-0.00353743027518059+9.551170703921308E-9i,-0.01008800221717536+2.7237916719892238E-8i
22.689751632856915,-15.316940070793962,-0.0018565559693067234+5.012758303294906E-9i,-0.008924845213480885+2.4097356982025248E-8i
25,-16.66761561387291,-1.1319168933358419E-6+3.056210478920679E-12i,-0.007742755363350673+2.090567797560436E-8i
-13.025206661696561,22.79940784052978,-0.005033953333960978+1.3591829058959515E-8i,-0.0010285747222904124+2.7771834326342107E-9i
-11.608103929758984,20.60525972254381,-0.0056095075418629405+1.5145843148681346E-8i,-0.0021194631734963026+5.722615852748295E-9i
-10.192549803174856,18.41686441723304,-0.006116156233743036+1.6513810222693297E-8i,-0.0032725336410000757+8.835941632213351E-9i
-8.906524746157503,16.23353420938086,-0.00647244510848861+1.7475801159016493E-8i,-0.004464890219138272+1.2055341120493776E-8i
0.8548352524648629,1.8168008775414155,-0.006602528915493247+1.7827031444810354E-8i,-0.012986323876202995+3.5063474474198286E-8i
-0.7353693957618161,3.2382493775598666,-0.006543316355398375+1.7667155708669392E-8i,-0.012007910742711772+3.242172887641081E-8i
-7.619437757566302,14.001582837846842,-0.006717361223688076+1.8137082214033584E-8i,-0.005720221558883853+1.5444774404878352E-8i
-6.344345755894249,11.678373641813163,-0.006815739703560922+1.8402707139972292E-8i,-0.007037496433937936+1.9001457142602344E-8i
-2.575340555821672,4.945475581629143,-0.0064486303915770385+1.7411500689810884E-8i,-0.010813887674702658+2.9197829814144524E-8i
-3.8569876013762947,7.367672986564339,-0.006713034891966498+1.8125400985121612E-8i,-0.009503370041443929+2.56593918374095E-8i
-5.1620584315245255,9.472929740551917,-0.006778201911209508+1.8301353944372474E-8i,-0.008280326098206364+2.2357135518118403E-8i
-11.711110252744572,24.999999999999996,-0.0056887222512539415+1.535972530403045E-8i,8.072873980228638E-7-2.1797008422942994E-12i
2.5281992700110063,-0.052738407277767074,-0.006542320805281879+1.766446769269281E-8i,-0.014036721334968723+3.7899579967506526E-8i
4.875039074682299,-1.1971320096948792,-0.006830398942300715+1.8442287536105628E-8i,-0.01490170807651258+4.023507081324258E-8i
7.100129499004994,-2.4970570457254175,-0.006938260688589197+1.87335175734748E-8i,-0.01552026417026548+4.190519131931859E-8i
9.394908206458634,-3.66051247382466,-0.006895659003983136+1.86184917128098E-8i,-0.015821396705128433+4.2718258439018926E-8i
12.263608626098533,-6.505492844323157,-0.0065523956419668095+1.7691670062067336E-8i,-0.015416923594356776+4.162616858123741E-8i
11.285860928379584,-4.584139035223322,-0.0066771336135113355+1.8028466427452223E-8i,-0.01582654761051704+4.273216604222698E-8i
14.373854110495012,-6.259562055825024,-0.005908879154717833+1.595415572471612E-8i,-0.015349771678424084+4.1444856339787444E-8i
16.136137585691213,-7.359513335418418,-0.005257532192016519+1.419549886244848E-8i,-0.014786233017971856+3.992328459828678E-8i
18.203121675083068,-8.668480144484631,-0.004304779764467162+1.1623037961112509E-8i,-0.013940543224634219+3.7639896107098725E-8i
20.336378867024308,-11.881478833720218,-0.0033030846517739334+8.9184303023445E-9i,-0.011701672019918388+3.159487489201735E-8i
20,-10,-0.003340536647945434+9.019551845615201E-9i,-0.012980630330061676+3.504810172423905E-8i
22.54158956030689,-12.75964819454692,-0.0018079181481326044+4.881434687969333E-9i,-0.010893114726708683+2.941174529493839E-8i
24.999999999999996,-13.890154151830552,1.3358032865395941E-6-3.606710019143486E-12i,-0.009971944807926637+2.6924558140088393E-8i
-10.37065481970071,22.79058513336111,-0.006314607251963644+1.7049634084634744E-8i,-0.0011111281111657878+3.000080125430319E-9i
-8.990158523189395,20.597307667601896,-0.00689865196188949+1.8626572791344757E-8i,-0.0022959027108482347+6.1990080383397195E-9i
-7.651030073523347,18.398430078452154,-0.007375665213808912+1.9914523264625302E-8i,-0.0035568651323818153+9.603645417005193E-9i
-6.340330305513277,16.18859461823873,-0.007727953718951626+2.0865713079803743E-8i,-0.004883480111047209+1.3185546722171538E-8i
2.887135439958622,2.5898263004728888,-0.007455046132954418+2.0128854191432445E-8i,-0.013422816215553012+3.6242017235403006E-8i
1.143132782125655,3.5099457947749797,-0.007252001890014598+1.958062848127096E-8i,-0.012545880854494564+3.387426474893133E-8i
0.2387889131197092,5.378819070302419,-0.007607593776021098+2.05407375265275E-8i,-0.011600310569420158+3.1321195853503815E-8i
-5.032798758307479,13.95523885791666,-0.00794587070002372+2.145409564103941E-8i,-0.006266981579808826+1.6921043302833876E-8i
-3.759994702081278,11.732680383269804,-0.008008264533261126+2.1622560912652123E-8i,-0.007656942360629286+2.0673980225020202E-8i
-1.1599305605310462,7.425265261476555,-0.007799035241397255+2.1057635379878678E-8i,-0.010341311519772309+2.792185963940804E-8i
-2.492098158873434,9.54973899570758,-0.007942300751350995+2.1444456669657908E-8i,-0.009017851153155454+2.43484758839392E-8i
-9.053332303293486,24.999999999999996,-0.007029137633418336+1.8978888123730568E-8i,8.893897786947195E-7-2.401379797460268E-12i
4.910251192443866,1.2657570483237013,-0.007504631500650315+2.026273621155379E-8i,-0.014413460201743446+3.8916786512215324E-8i
5.000999086060117,3.8243439416443157,-0.008453811140828946+2.2825550476939693E-8i,-0.013893432920467153+3.7512696834741535E-8i
7.117579159266693,0.07161706752509346,-0.007490159083251513+2.0223660238794993E-8i,-0.015264225369618379+4.1213878670990214E-8i
9.340735572964658,-1.2140846930790585,-0.00726093754277779+1.9604755018968605E-8i,-0.015879911482368392+4.2876250139954585E-8i
11.55147212821039,-2.564496008985508,-0.00680868437922418+1.8383657546940014E-8i,-0.016169541284921957+4.365825952811113E-8i
13.580287069639976,-4.192150726987046,-0.006175870165183932+1.667503967690809E-8i,-0.01600741895801782+4.32205242517299E-8i
15.955603861871476,-5.0807472477059745,-0.005284058986311559+1.4267122024130899E-8i,-0.01579785827052998+4.265470394056483E-8i
18.359316736639737,-6.416479037838729,-0.004106503899792909+1.108768701914375E-8i,-0.015168509643627601+4.095544326255309E-8i
20.5972761622172,-8.000269981666715,-0.002847642069691831+7.688721302051053E-9i,-0.014194537234862309+3.8325687758309586E-8i
22.205824063954072,-10.152919815189986,-0.001902020703455888+5.135514485913643E-9i,-0.012736078191495956+3.438780341734828E-8i
24.999999999999996,-11.11269268978819,2.683833737027186E-6-7.246433758328721E-12i,-0.012005643759928478+3.241560795306706E-8i
-7.723572795047156,22.791601126038984,-0.007696817536408468+2.0781644427872204E-8i,-0.0012098993352231645+3.2667654727661476E-9i
-6.379698473513212,20.589337716212906,-0.008293143978792624+2.239174419052519E-8i,-0.002516116352919137+6.7935916550148396E-9i
-5.040362861327428,18.38724233217446,-0.008779550371834977+2.3705056434169505E-8i,-0.003914077697829564+1.05681303466774E-8i
-3.7143121438112163,16.17831874045506,-0.009122248348532333+2.4630351527130906E-8i,-0.0053896701140048785+1.4552275321964928E-8i
2.8109854230111093,5.133697996076554,-0.008379508542458966+2.262493117264955E-8i,-0.01265112113960752+3.415841676037653E-8i
4.8930284894159275,5.802407422716672,-0.009291247059821612+2.5086653253158607E-8i,-0.013342879576981903+3.6026185849026946E-8i
1.446513770212609,7.4381523648605805,-0.00882572307568618+2.3829724156791463E-8i,-0.011299351522612133+3.050859715689669E-8i
-2.4085705579108367,13.967924558160506,-0.009295095858524135+2.509704512820635E-8i,-0.006909928086086596+1.8657018674005363E-8i
-1.120096549977144,11.771876505468994,-0.009292979058705306+2.5091329703492774E-8i,-0.008428833550674563+2.275811021415518E-8i
0.16598051693648802,9.595537443153711,-0.009130387086942507+2.465232637153138E-8i,-0.009906273624656283+2.6747243922434764E-8i
-6.395554353842402,25,-0.008490205750581237+2.2923817044308282E-8i,1.0647641512651074E-6-2.8748960069592202E-12i
7.14446467027167,2.709663368212063,-0.008393981269094483+2.2664007980360482E-8i,-0.014973235892352948+4.042819811923272E-8i
7.017575269610866,5.374054070782723,-0.009596669211173973+2.59113024695132E-8i,-0.014481187538606268+3.9099652407900886E-8i
9.334854946232673,1.3625557371141521,-0.008019166593969696+2.165199681237371E-8i,-0.015911522842563957+4.296160178618414E-8i
11.545488691038562,0.003368896254459612,-0.0073943609344899784+1.9965002286333298E-8i,-0.016564310415850974+4.472414834140703E-8i
13.712985020474482,-1.525716941057728,-0.006510876195533417+1.757956627780292E-8i,-0.01680226643313232+4.536663691765711E-8i
15.884830674299948,-2.741356691854244,-0.0055168519599037985+1.4895670223385076E-8i,-0.016771516132783434+4.528361015953737E-8i
18.30462984181442,-3.988615313224879,-0.004217511064206578+1.1387409782335791E-8i,-0.016460156233282175+4.4442928840285225E-8i
20.61458537494257,-5.492561865863356,-0.0028190399820678344+7.611494784455584E-9i,-0.015718519155404193+4.2440485885901166E-8i
22.661788877424584,-7.2754265652909265,-0.0015285158936430658+4.127039994618622E-9i,-0.01460977148497169+3.944683302377016E-8i
24.999999999999996,-8.335231227745831,5.83068719626582E-6-1.574303502834517E-11i,-0.013897646037832908+3.7524072381402984E-8i
-5.067848022540068,22.793677080432847,-0.009216307722271907+2.4884314733472008E-8i,-0.0013341657796433388+3.602288700392021E-9i
-3.7306510344466837,20.58996725616635,-0.00984755189786543+2.6588693451337164E-8i,-0.002790879464876971+7.535460520632087E-9i
-2.394495386953883,18.387598599413423,-0.010341409287890652+2.7922123616341045E-8i,-0.004359340645945388+1.1770354021705538E-8i
-1.0688392501675408,16.18501421943376,-0.010656116066399185+2.8771841612002642E-8i,-0.006014032619048783+1.6238073317376793E-8i
3.8253086228405344,7.4937029603341525,-0.009731833382066093+2.6276249894284038E-8i,-0.012301427279065158+3.3214232565543726E-8i
5.788785412750784,7.192985907793857,-0.01023681644770053+2.7639719726131985E-8i,-0.013385518348509155+3.614131184552616E-8i
2.7979497058988585,9.601891457820086,-0.010300584433266322+2.7811895251356932E-8i,-0.01098633616555493+2.9663446051255786E-8i
0.2462203325275654,13.987427859363144,-0.010764103605346789+2.906341129342424E-8i,-0.0077113420407396395+2.0820861036949798E-8i
1.5281758211634984,11.79895624003841,-0.010640870668403255+2.8730678567820968E-8i,-0.00938566375814722+2.534158124688692E-8i
7.618884118927692,7.863514277364814,-0.011161194489857126+3.013556891290927E-8i,-0.014237387302622391+3.844138426114067E-8i
-3.737776404391314,24.999999999999993,-0.010103746791254383+2.7280427554875766E-8i,1.4130701683120102E-6-3.8153329821375236E-12i
9.32480058985817,3.94995692451188,-0.009159129966164567+2.4729933030776382E-8i,-0.01585045077834076+4.2796705331621265E-8i
9.479638688081529,6.415016058964575,-0.010608087138670202+2.8642162027734368E-8i,-0.01573160422002046+4.247581596341034E-8i
11.561229913438074,2.6429247747278244,-0.00843038329500125+2.276229457157132E-8i,-0.016922628705426098+4.5691618760284115E-8i
13.77219671592223,1.318067566793349,-0.007384968181407908+1.9939641563695017E-8i,-0.017642354444213915+4.763490042420816E-8i
15.980685631072335,-0.019206118853818788,-0.006094404586387177+1.645508010483221E-8i,-0.01795363081949854+4.847535622549911E-8i
18.233487954673038,-1.3651755434155843,-0.004622179024313296+1.2480025739320356E-8i,-0.01786632376033581+4.823962447650434E-8i
20.507522129275127,-2.81865675300883,-0.003047208541728024+8.227556923653129E-9i,-0.017348511355012114+4.68415150323246E-8i
22.71098509172271,-4.451171623324443,-0.0015262975727032234+4.121050459750471E-9i,-0.016434455491473408+4.437353604576286E-8i
24.999999999999996,-5.557769765703464,3.1606123129431416E-6-8.533750597259412E-12i,-0.01573077073535632+4.247356552914645E-8i
-2.405840687663573,22.795591704436998,-0.010907573032360673+2.9450783165545695E-8i,-0.0014920492614893023+4.028578964547963E-9i
-1.0703720109551471,20.59355719209518,-0.011584504792530398+3.1278519769051806E-8i,-0.0031387406882809796+8.4746965387421E-9i
0.2647746364752974,18.393792694824125,-0.012083396330654592+3.262554228898577E-8i,-0.004922849800462384+1.3291846096270932E-8i
1.5955784831329367,16.19761224611229,-0.012353824316290812+3.335570618000304E-8i,-0.006806873784538777+1.8378768885520957E-8i
5.578850161045845,9.433745532053853,-0.011396930789963166+3.077206418441313E-8i,-0.01246966669870994+3.366848418074501E-8i
4.173314878336345,11.828935084328943,-0.012038106038051182+3.250325710391366E-8i,-0.010580292755764812+2.8567116337756893E-8i
2.90699576728193,14.010071860160762,-0.012349134081945259+3.334304240280044E-8i,-0.008723646321384051+2.355411377597498E-8i
8.109401462541523,10.11917625761187,-0.012851535529571316+3.469954178650242E-8i,-0.01381735068161697+3.7307272446339E-8i
9.739053719535589,8.646107836982019,-0.012257686008674074+3.309612978815792E-8i,-0.015522789208997132+4.1912009001666926E-8i
-1.0799984549402328,25,-0.011910788327691471+3.215949536426216E-8i,1.9509310330382648E-6-5.267573880116126E-12i
11.588579705478198,5.188560771901439,-0.009874816549998283+2.6662308851908796E-8i,-0.017167123925102227+4.6351763384420084E-8i
11.59083032927672,7.4898343071063165,-0.011593270541058404+3.130218756008359E-8i,-0.01719213695144741+4.6419299326008436E-8i
13.801708955098828,4.034559751469378,-0.008771181528054131+2.3682460298178508E-8i,-0.018411135781992397+4.971063371643251E-8i
16.04303573504545,2.8006647873029324,-0.007230353605113991+1.9522177445220897E-8i,-0.019254459981444077+5.198763503126468E-8i
18.258044295422795,1.4085338932317009,-0.005392647535213522+1.4560314450943598E-8i,-0.019489822606106266+5.2623121367560944E-8i
20.46521515615362,-0.03175227678343472,-0.003506831022655791+9.468551779581538E-9i,-0.019176207871222317+5.177635192332254E-8i
22.716103550781156,-1.5828292250439968,-0.0016788134599745967+4.53284805322111E-9i,-0.018389763987149355+4.9652929212055627E-8i
24.999999999999996,-2.7803083036611014,3.0675443334626795E-6-8.282464189010224E-12i,-0.017617180821626093+4.756693086781597E-8i
0.2541443925323314,22.797554185021294,-0.012811324944082622+3.45909719671055E-8i,-0.0016941814730016453+4.574342161763074E-9i
1.5924648682531661,20.59814782439278,-0.013546243697937185+3.657527523968871E-8i,-0.003585985252764101+9.682270639003131E-9i
2.9360642860891155,18.401448588460692,-0.014049480109252934+3.793402905107493E-8i,-0.005652597846351179+1.5262188298077182E-8i
4.288725557566125,16.20801305785199,-0.01425475415511839+3.848827529782034E-8i,-0.007846469941196648+2.1185710530433398E-8i
6.742308800799959,11.949873982821446,-0.013479621784067879+3.6395394020135637E-8i,-0.012007436216241058+3.2420447640322605E-8i
5.605559206810424,14.033785886551644,-0.014079975440638123+3.801636738514169E-8i,-0.010051635166664047+2.713972456332087E-8i
9.213892221447109,12.10035484281066,-0.014921942745155375+4.028970504185414E-8i,-0.013772114217620382+3.718513260016269E-8i
10.022878430388051,10.445521135802238,-0.013837641281771892+3.736205769175659E-8i,-0.015223820788853005+4.110478505836942E-8i
11.676914730755966,9.568194411733732,-0.013485313508690538+3.641076185193714E-8i,-0.01703315621377625+4.599004643732813E-8i
1.5777794945108568,24.999999999999996,-0.013966117753529942+3.770894812287081E-8i,2.706302034444219E-6-7.307098852734082E-12i
13.773364934862412,6.59891657495976,-0.010676372505574044+2.88265346217187E-8i,-0.018980077189434622+5.124679304122165E-8i
13.28778584820967,8.522250335528875,-0.012583174496791277+3.3974958731863894E-8i,-0.018757073590026242+5.064467645379672E-8i
16.072523845313967,5.65687610580013,-0.009104156624815613+2.458150331582878E-8i,-0.02064093923908233+5.573117173361734E-8i
18.271868225562162,4.217826088947309,-0.006744153015277972+1.8209420876573872E-8i,-0.02135748150662504+5.766585792711903E-8i
20.503227752185218,2.7835158930940676,-0.0042876962995302735+1.1576912079576352E-8i,-0.021333758119513584+5.760180405118624E-8i
22.743558640672937,1.3441040659782104,-0.001995304251923749+5.387382940124448E-9i,-0.02068044991098859+5.5837851764783E-8i
24.999999999999993,-0.002846841618737273,5.373618117856156E-6-1.4508934437894615E-11i,-0.019710220952872504+5.3218203692602756E-8i
2.9149716143401285,22.800350854844684,-0.014991322471102927+4.04770324389651E-8i,-0.001956210897879923+5.281829680040053E-9i
4.259795236389441,20.60555271357801,-0.015800560466876317+4.266199995393352E-8i,-0.00416924130092138+1.1257079934644372E-8i
5.617336441410977,18.407034969905187,-0.016300940472433755+4.4013041381787324E-8i,-0.006619206129666257+1.7872060436772836E-8i
7.003926989882251,16.22892004758706,-0.016413898520620484+4.431803159125739E-8i,-0.009229976559401248+2.4921221014749497E-8i
8.25854945361543,14.02954254094121,-0.015892898899063673+4.291131656507456E-8i,-0.011797740589714839+3.185426298959533E-8i
10.782758889329653,13.687681272476862,-0.017371474978288365+4.6903517522503334E-8i,-0.014285621459401201+3.857161797016623E-8i
11.670428652848312,11.889255590087362,-0.015941394179166964+4.3042255315121404E-8i,-0.016283003131017056+4.396461000744987E-8i
13.750511404277452,10.416197264895569,-0.014776167901221266+3.989610847303511E-8i,-0.019228431934514234+5.191735850282942E-8i
4.235557443961941,24.999999999999996,-0.01634437225494519+4.4130308532364903E-8i,3.6889045209135643E-6-9.960155834252665E-12i
15.64775867088537,8.537993026712606,-0.012188556474823182+3.2909477917415294E-8i,-0.021412675519744764+5.7814883462645906E-8i
16.0546842160982,11.107220285016082,-0.01580198581017227+4.266584842473696E-8i,-0.02262534200276776+6.108912031970665E-8i
18.219184671709225,7.038157857709258,-0.009030649826774387+2.4383032696940014E-8i,-0.023457080017052424+6.333483857770862E-8i
20.520001642781185,5.593743163502393,-0.00565782833957736+1.5276310790901103E-8i,-0.023982419772284075+6.475327209849675E-8i
22.760722841051972,4.167958205047916,-0.002564698848628135+6.924765889880959E-9i,-0.02342400737137516+6.324554141566458E-8i
24.999999999999996,2.7746146204236233,1.1845921166560766E-5-3.1984352028953416E-11i,-0.02222073521739772+5.999666953639393E-8i
5.570979739607573,22.801998820867627,-0.017527124605475074+4.732377631027154E-8i,-0.0023014313631841607+6.213935569942158E-9i
6.916162668526663,20.605925778117033,-0.01842311982851692+4.9742991011184876E-8i,-0.004946309167532252+1.335518710995866E-8i
8.299572453599707,18.39339173418922,-0.018917705804056485+5.107838837951904E-8i,-0.007937072548193189+2.143034036009308E-8i
9.82425788686604,16.035941345509137,-0.01881179206989694+5.079241803490363E-8i,-0.011416159179678769+3.082398142891796E-8i
12,15,-0.01980990000611147+5.348734020668949E-8i,-0.014583255394466732+3.9375238762647035E-8i
12.74218299968807,13.833752837291415,-0.01892198757573203+5.1089949294930404E-8i,-0.016481108903341184+4.449950169483256E-8i
14.171519272013535,12.483310650313948,-0.01779094488842735+4.803609920051054E-8i,-0.019317190033094633+5.2157008102944564E-8i
16.358259753836272,13.275720216414953,-0.020056817918921513+5.415402617691492E-8i,-0.023072680556682778+6.229694819432532E-8i
6.893335393413025,24.999999999999996,-0.019147214760361703+5.169806963094604E-8i,4.442546550853521E-6-1.1995012530153858E-11i
18.223306953131246,9.762371106863096,-0.012519779690420701+3.38037908019586E-8i,-0.025669383026221054+6.930812484645026E-8i
18.177153727315538,12.167161779397137,-0.01735672441349567+4.686369054321398E-8i,-0.027227760764369224+7.351579274104597E-8i
18.04852243536791,13.875139644115944,-0.022011465356031944+5.943163446471702E-8i,-0.0272731048945688+7.363822328928421E-8i
20.567386344245453,8.396569605000535,-0.007998286389453884+2.1595619617022694E-8i,-0.027401896489217675+7.39859645619158E-8i
22.7977468591661,6.958385803032253,-0.0035363598947720835+9.548280643849492E-9i,-0.027040335999051996+7.300974010157798E-8i
24.999999999999996,5.55207608246599,2.3864578899607247E-5-6.443509811121805E-11i,-0.0254786593068075+6.879316492930702E-8i
8.210081843193775,22.800860475347474,-0.020517640362788626+5.539826096973626E-8i,-0.002757667242636097+7.445786497569872E-9i
9.53267060754534,20.609841046313957,-0.02150830037003067+5.807307350388385E-8i,-0.005961231302340941+1.60955081358655E-8i
10.87497152872145,18.43846796574234,-0.021951834707532702+5.927062987700863E-8i,-0.009598278474088923+2.5915647528950614E-8i
11.91582200780392,16.70894582573424,-0.021668475946221972+5.850555249337498E-8i,-0.012680954795469879+3.4238968550148656E-8i
13.511222798417645,15.536196209076842,-0.02201982240558682+5.945419875593035E-8i,-0.01606237535635611+4.336890822002447E-8i
14.857382149896795,14.519514549868047,-0.02164157826188043+5.843292791714242E-8i,-0.019270882418352505+5.203197611676218E-8i
17.066584316791193,15.301700789292456,-0.0255727984978826+6.904734364491639E-8i,-0.023474715291008936+6.338245436059113E-8i
9.55111334286411,24.999999999999996,-0.022507279052356277+6.077034671698859E-8i,2.2767803286860566E-6-6.1473770187341625E-12i
19.12747286595208,15.073575458132325,-0.026595333649508817+7.180822005072332E-8i,-0.030776625893423615+8.309783790264509E-8i
19.797174062563613,13.500012357320477,-0.02007175093354595+5.419434577636637E-8i,-0.03297406026855818+8.903097840150849E-8i
20.673674088533684,11.32712408734295,-0.012485843833868979+3.371216294396624E-8i,-0.03220951427980051+8.696668068210351E-8i
22.970745146388527,9.699668326494534,-0.0050121393802450565+1.3532930712007209E-8i,-0.03227992552125264+8.71567932028491E-8i
24.999999999999996,8.329509082682566,4.025537668143434E-5-1.0869075699674685E-10i,-0.03007306886327073+8.119821225007091E-8i
10.818846150101068,22.835073888989474,-0.024095782232385222+6.50593542325952E-8i,-0.0032863686021384203+8.87329645343501E-9i
12.07729778672897,20.586933831916618,-0.025170224838717923+6.79603823649788E-8i,-0.007289845855991267+1.9682808355085913E-8i
18.58841062760074,16.54833510272083,-0.03209792606372097+8.666538906151591E-8i,-0.026677858837821575+7.203104060112849E-8i
13.445742119132444,18.108948603631145,-0.025315398669205284+6.835235617898307E-8i,-0.01248161179000897+3.370073629518717E-8i
15.29716250706953,16.686517777664832,-0.026280659555044484+7.095859030298811E-8i,-0.0175002915618567+4.725132626598073E-8i
17.188879877815,17.13310277613028,-0.03084656385931387+8.328667256480362E-8i,-0.020775093754897705+5.6093393058581944E-8i
12.208891292315183,24.999999999999996,-0.02657309449169633+7.174817363961403E-8i,-1.1531676135267954E-5+3.113588076628572E-11i
20.41634949590301,16.276560852632407,-0.034084398261348604+9.202892518299544E-8i,-0.03682676905034501+9.943341078456687E-8i
19.64171265813878,17.491431275556057,-0.039585926362905054+1.0688322051682628E-7i,-0.0286934357647583+7.747316038823544E-8i
20.95961739041859,14.994167119113124,-0.025552628356540596+6.899288364200402E-8i,-0.04003760752142773+1.0810277355765188E-7i
21.79664125560628,13.562920518108536,-0.016390521130433672+4.425491191767511E-8i,-0.040720724389679025+1.0994721014349194E-7i
23.183513038467996,12.20120935339839,-0.0076163159283134385+2.0564287606378655E-8i,-0.03983227801991409+1.0754837757895288E-7i
24.999999999999996,11.053487032091944,4.290717113262602E-5-1.1585068369465394E-10i,-0.03712109505290501+1.00228100057395E-7i
13.33314362388857,23.013064306607205,-0.02832396546064826+7.647557918660932E-8i,-0.003600982318067066+9.722763177264965E-9i
14.64901483790229,20.879619694330103,-0.03011146626058538+8.130188640555047E-8i,-0.008296559367670658+2.2400965845698707E-8i
18.48884050929979,18.442257462624262,-0.03839280273598962+1.0366174997323161E-7i,-0.020311713203930264+5.484225129778897E-8i
16.34030079169969,18.997804603356034,-0.03236998536473236+8.739995755429556E-8i,-0.014367941068666429+3.8793883450815686E-8i
14.80560950217971,24.999999999999996,-0.03128850475771646+8.447992660327715E-8i,-3.0308261275979742E-5+8.183323901233257E-11i
20.061201498836688,18.546365000017637,-0.04707893435525995+1.271145728979623E-7i,-0.025123913311095397+6.783533981390347E-8i
20.653761159053673,17.643637959785128,-0.04507472923473446+1.2170315733844927E-7i,-0.034640246548525766+9.352973267976801E-8i
21.42237375457555,17.16246376150952,-0.04364949834000491+1.1785499002230462E-7i,-0.04403367992137321+1.1889229212566401E-7i
21.05865314328114,18.589245790359602,-0.05583461190293012+1.5075517197155472E-7i,-0.030598005118085914+8.261555630731681E-8i
21.993857553695566,16.33289283040012,-0.034546561449077605+9.327678002553811E-8i,-0.05068806455589051+1.3685933560911158E-7i
22.626209108790988,15.219040698084859,-0.021788849288386758+5.8830564224993146E-8i,-0.05189435334068453+1.4011635248451054E-7i
23.660292160306703,14.200327065918778,-0.010033381719113998+2.709043969268957E-8i,-0.05082309969109925+1.372239346335705E-7i
25,13.363763635837989,-6.400549926573647E-5+1.72816819533119E-10i,-0.04741268514074315+1.280157102990511E-7i
22.12717507822233,17.41753229856458,-0.0491348661210125+1.326656519928893E-7i,-0.052934155478682375+1.4292385028539388E-7i
22.77348370983748,17.13746326361472,-0.04373239215352585+1.1807880587212692E-7i,-0.06430911212695542+1.7363658361038484E-7i
15.77371924899914,23.137618225065,-0.033181487060671734+8.959103712944105E-8i,-0.0037294435990300745+1.006961259276192E-8i
19.532864656659765,19.638332609312233,-0.046519245195751464+1.2560339492758109E-7i,-0.01630826417144719+4.40328155947076E-8i
16.923890850497163,21.433348182945124,-0.03590577450287521+9.69466971376678E-8i,-0.00787955756744189+2.1275048140472446E-8i
18.3885748401816,20.30083772616649,-0.04079723363231814+1.1015378745527727E-7i,-0.0120410448441254+3.2511191970834545E-8i
17.12177370187136,24.999999999999996,-0.03572663516647764+9.646301541149146E-8i,-3.0917767653256455E-5+8.34789249972142E-11i
20.599127945939397,19.2433854902604,-0.05440306877672322+1.468899614359932E-7i,-0.021427490492492342+5.785488434539109E-8i
20.532054222341888,20.04789295518705,-0.05460106130084654+1.4742454734974314E-7i,-0.013086660208153184+3.533438566106093E-8i
21.761839299931722,18.079855595383194,-0.057256554502982906+1.5459446079076377E-7i,-0.04324641854856124+1.167666621696422E-7i
21.777575930083398,18.721619527963192,-0.06612900745652103+1.7855035705714086E-7i,-0.03575071683364875+9.652803665462638E-8i
21.466258984781422,19.197955050937235,-0.06516121371045909+1.759372841325193E-7i,-0.02550234598816879+6.885711969858595E-8i
22.428440383513838,18.005262534603013,-0.06178361760282788+1.668176706042255E-7i,-0.05585018856309191+1.5079722943379321E-7i
23.29360111310426,16.500410767818057,-0.02951427591419458+7.968945407545806E-8i,-0.06800389228110167+1.8361260383423275E-7i
24.053282567426947,15.723540349437684,-0.0131131555811785+3.540592398432686E-8i,-0.0662869945882352+1.7897692717912764E-7i
24.999999999999996,15.085454416977456,-9.068537360882682E-5+2.448533020670372E-10i,-0.06121445648923115+1.652809180660503E-7i
22.843769865989326,17.67515635194733,-0.05551126965496526+1.4988213794235034E-7i,-0.06702556679268516+1.8097109488086523E-7i
23.304941778516046,17.42105661530832,-0.04678917454065475+1.2633221247323794E-7i,-0.07784387101848074+2.10180849519008E-7i
17.918370254405044,23.355270400545752,-0.03764338390172021+1.0163829603689158E-7i,-0.002717845309457817+7.338266051381552E-9i
20.221216978410492,21.02643566302424,-0.04984042955012769+1.3457069498446843E-7i,-0.006101269020657753+1.6473614288798896E-8i
21.09170404992735,20.96462578376846,-0.056483502267500596+1.5250719594319493E-7i,-0.0021480141767398985+5.799704440926894E-9i
20.93362248723727,20.495855506293832,-0.05761943632243355+1.5557425288088396E-7i,-0.007612640457551434+2.055436372210542E-8i
18.984933944237575,22.016416928575854,-0.04178991021471473+1.1283404480445264E-7i,-0.00477943105593479+1.2904611068424253E-8i
19.00231688610185,24.999999999999996,-0.03830143318868392+1.0341504938111104E-7i,-1.2323641661667514E-5+3.3274212079967195E-11i
21.20472145269238,21.665664172872198,-0.05188202213481977+1.400830578488514E-7i,0.003329726150190865-8.990363168688987E-9i
21.300051373898455,19.887266060948615,-0.06406119460961701+1.7296719867715016E-7i,-0.014346448515865957+3.873585289623135E-8i
21.521918546249616,20.5533990397578,-0.06438590831277334+1.7384393567758552E-7i,-0.0035728014552482423+9.646673979614694E-9i
21.577040785046975,21.08177453689423,-0.05991952774607705+1.6178457057278853E-7i,0.003059256177665093-8.260085911794352E-9i
22.4101871846745,18.578209181446987,-0.0743775466097125+2.0082166684461745E-7i,-0.0481579313342869+1.3002789797690255E-7i
22.131555145828145,19.147422644661116,-0.07776629235138767+2.0997138472825287E-7i,-0.031669729157917326+8.550924422640168E-8i
21.919978188147937,19.601017076050056,-0.07543461239682478+2.0367577702986155E-7i,-0.019584149063380983+5.287780570766745E-8i
22.999230488751284,18.275559245672977,-0.07426286279827439+2.0051201702120057E-7i,-0.06923556523485024+1.8693815874773813E-7i
23.910715466858974,17.27671808990637,-0.033900116288250515+9.153135817931934E-8i,-0.09046651604669287+2.442623799014925E-7i
24.298821797546115,16.739126355424542,-0.017045995994261803+4.602471424013423E-8i,-0.08462158748299188+2.284808927423314E-7i
24.999999999999993,16.358495012175368,-1.613846178259252E-4+4.3574343914273484E-10i,-0.07983148339179702+2.1554746414995332E-7i
23.75610163756677,17.756739062120218,-0.05068029670433809+1.3683836217066357E-7i,-0.09604129607820289+2.5931445770254366E-7i
21.950937097214926,21.43485312347165,-0.05833383411494886+1.5750314892574927E-7i,0.010646265826131854-2.8745245659877152E-8i
19.70358689472318,23.544239066688547,-0.040072896342608855+1.081980544618172E-7i,-1.455040765677799E-4+3.928654885936797E-10i
20.43793998319278,22.434449320564937,-0.04452939010432838+1.2023072488865466E-7i,9.318110067431662E-4-2.5159184201167095E-9i
20.660277440873582,24.999999999999996,-0.03753263880442618+1.0133928086299256E-7i,-2.729389317712716E-5+7.369435229400564E-11i
21.487009351098237,22.40045592260291,-0.04609294156296283+1.244523619879261E-7i,0.0077318876996601395-2.08763349488964E-8i
21.941607394172937,22.00264937964118,-0.050512550876664064+1.3638544326898715E-7i,0.012268648223519493-3.3125728105917626E-8i
21.982874994211866,20.13993930636116,-0.07561722665015985+2.0416884113880955E-7i,-0.007105400999190187+1.9184801560401503E-8i
22.11475551379205,20.79067253581804,-0.07017345977083767+1.894705028841855E-7i,0.006801632231727314-1.8364616531480404E-8i
22.430129021296302,21.1684594176754,-0.0666026434931231+1.7982918894501625E-7i,0.017418835595549576-4.703139264794315E-8i
24.999999999999993,17.29979770336446,-3.6020779474310594E-4+9.725721410367393E-10i,-0.10538988988328035+2.8455594893429367E-7i
22.505614255256226,21.576489860192325,-0.05800948351220191+1.5662739230757414E-7i,0.02104681129422333-5.682703878426742E-8i
21.354873506874263,23.5588862136652,-0.03879568952712958+1.0474955671913997E-7i,0.0050967959751782544-1.376150612593904E-8i
22.17535505251418,24.999999999999996,-0.0312529901520238+8.438403607397926E-8i,1.3514187848299533E-4-3.648872345831229E-10i
22.205499719470886,22.796147486208447,-0.04074762859814184+1.100198523350553E-7i,0.013593602206501298-3.670314467156673E-8i
22.677252209973148,22.110786287974573,-0.047271599234753166+1.276347740071036E-7i,0.023030736091460297-6.218369684624734E-8i
22.79710879732254,21.21664259594406,-0.06771927296098017+1.8284412290300963E-7i,0.027420829477045938-7.403708421225178E-8i
22.847100144736107,23.764501966150224,-0.029044753449574214+7.84217289586273E-8i,0.011323074330404232-3.0572649468647126E-8i
23.588087000878165,24.999999999999996,-0.018431182533003538+4.9764760561656535E-8i,2.830838526682866E-4-7.643351218314656E-10i
23.030540936473074,22.736743378198938,-0.03531034363284122+9.533901544795736E-8i,0.022849862974130275-6.169533385814938E-8i
23.29624419638212,22.03726242548755,-0.04260649903828864+1.1503885978090847E-7i,0.03544220122846719-9.56950350176476E-8i
23.583983697469154,23.237079213234725,-0.023745964287793974+6.411483500700973E-8i,0.021701785156186572-5.8595488386281686E-8i
23.991361099473,24.02265747174429,-0.014734944942814484+3.9784805215587033E-8i,0.012646683472284296-3.4146434921906854E-8i
25,25,1.2810637399818248E-4-3.4589115576146795E-10i,1.58138503326688E-4-4.2697883001082166E-10i
23.746824908786913,22.542897689086857,-0.027303332225226677+7.371983801314894E-8i,0.03414422066323002-9.21904475107331E-8i
24.310703071831984,23.120154766282038,-0.012794013574649757+3.4544230736418E-8i,0.027685361879074017-7.475132984590914E-8i
25,23.683507434719246,4.109373345251299E-5-1.1095434610790035E-10i,0.019205994647852515-5.1856777137717635E-8i
24.399103536684684,22.495718262401123,-0.014068645465816784+3.798577610415311E-8i,0.040616868027491225-1.0966679476656357E-7i
24.999999999999996,22.71582426406594,-1.4840510674268836E-5+4.006983594198174E-11i,0.03723009015400641-1.0052239018767607E-7i
25.52881663714714,18.07117834824565,NaN,NaN
25.423364641829625,18.440806188243087,NaN,NaN
25,18.000000000000004,NaN,NaN
25.52881663714714,18.07117834824565,NaN,NaN
25.989880878835788,18.26214619552873,NaN,NaN
25.423364641829625,18.440806188243087,NaN,NaN
25.924207293390456,18.68404304521175,NaN,NaN
25.989880878835788,18.26214619552873,NaN,NaN
26.4142135623734,18.585786437627217,NaN,NaN
26.4142135623734,18.585786437627217,NaN,NaN
26.737853804471808,19.01011912116515,NaN,NaN
26.207334954118885,19.069560469185664,NaN,NaN
26.511215347022215,19.385561298998937,NaN,NaN
26.737853804471808,19.01011912116515,NaN,NaN
26.928821651754166,19.471183362852187,NaN,NaN
26.570326855071468,19.79062808371813,NaN,NaN
26.928821651754166,19.471183362852187,NaN,NaN
27,20,NaN,NaN
26.63394086013419,20.18082039943281,NaN,NaN
27,20,NaN,NaN
26.92882165175474,20.52881663714574,NaN,NaN
26.476359112683905,20.568307795311004,NaN,NaN
26.92882165175474,20.52881663714574,NaN,NaN
26.73785380447213,20.989880878834285,NaN,NaN
26.327785387111454,20.94631425289554,NaN,NaN
26.73785380447213,20.989880878834285,NaN,NaN
26.41421356237367,21.414213562372513,NaN,NaN
26.41421356237367,21.414213562372513,NaN,NaN
25.98988087883703,21.737853804470568,NaN,NaN
25.954151447564513,21.153851597978758,NaN,NaN
25.98988087883703,21.737853804470568,NaN,NaN
25.528816637148303,21.928821651754035,NaN,NaN
25.583600674216843,21.406499141083412,NaN,NaN
25.30876236469127,21.653455153248316,NaN,NaN
25.528816637148303,21.928821651754035,NaN,NaN
25,22,NaN,NaN
23.585786437627657,18.585786437626155,NaN,NaN
23.79750721487557,18.94251537522974,NaN,NaN
23.26214619552875,19.010119121164173,NaN,NaN
24.055207022537374,18.66074412368484,NaN,NaN
23.585786437627657,18.585786437626155,NaN,NaN
24.010119121163264,18.26214619552926,NaN,NaN
24.471183362852003,18.07117834824588,NaN,NaN
24.540053488786285,18.438112958468047,NaN,NaN
24.010119121163264,18.26214619552926,NaN,NaN
24.471183362852003,18.07117834824588,NaN,NaN
25,18.000000000000004,NaN,NaN
24.540053488786285,18.438112958468047,NaN,NaN
23.405111860643807,20.25667056748903,NaN,NaN
23.071178348245425,20.528816637146335,NaN,NaN
23,20,NaN,NaN
23.26214619552875,19.010119121164173,NaN,NaN
23.751810566741682,19.403355397056583,NaN,NaN
23.071178348245958,19.471183362851708,NaN,NaN
23,20,NaN,NaN
23.071178348245958,19.471183362851708,NaN,NaN
23.555746712626515,19.85243024918462,NaN,NaN
23.262146195529965,20.989880878837976,NaN,NaN
23.071178348245425,20.528816637146335,NaN,NaN
23.596044600027607,20.6497215394887,NaN,NaN
23.73143137814387,21.058042136818973,NaN,NaN
23.585786437626492,21.414213562372687,NaN,NaN
23.262146195529965,20.989880878837976,NaN,NaN
24.006809028161467,21.33032097313639,NaN,NaN
24.010119121161605,21.737853804469793,NaN,NaN
23.585786437626492,21.414213562372687,NaN,NaN
24.47118336285124,21.92882165175391,NaN,NaN
24.010119121161605,21.737853804469793,NaN,NaN
24.503648132646013,21.490593681791836,NaN,NaN
24.47118336285124,21.92882165175391,NaN,NaN
24.503648132646013,21.490593681791836,NaN,NaN
25,22,NaN,NaN
25.924207293390456,18.68404304521175,NaN,NaN
25.423364641829625,18.440806188243087,NaN,NaN
25.989880878835788,18.26214619552873,NaN,NaN
25.924207293390456,18.68404304521175,NaN,NaN
26.4142135623734,18.585786437627217,NaN,NaN
26.207334954118885,19.069560469185664,NaN,NaN
26.511215347022215,19.385561298998937,NaN,NaN
26.207334954118885,19.069560469185664,NaN,NaN
26.737853804471808,19.01011912116515,NaN,NaN
26.511215347022215,19.385561298998937,NaN,NaN
26.928821651754166,19.471183362852187,NaN,NaN
26.570326855071468,19.79062808371813,NaN,NaN
26.63394086013419,20.18082039943281,NaN,NaN
26.570326855071468,19.79062808371813,NaN,NaN
27,20,NaN,NaN
25.423364641829625,18.440806188243087,NaN,NaN
24.999999999999996,18.665942329134268,NaN,NaN
25,18.000000000000004,NaN,NaN
25.423364641829625,18.440806188243087,NaN,NaN
25.53224760437254,19.136860160715504,NaN,NaN
24.999999999999996,18.665942329134268,NaN,NaN
25.924207293390456,18.68404304521175,NaN,NaN
25.53224760437254,19.136860160715504,NaN,NaN
25.423364641829625,18.440806188243087,NaN,NaN
25.924207293390456,18.68404304521175,NaN,NaN
26.207334954118885,19.069560469185664,NaN,NaN
25.53224760437254,19.136860160715504,NaN,NaN
26.511215347022215,19.385561298998937,NaN,NaN
26.111739469694754,19.586315458073543,NaN,NaN
26.207334954118885,19.069560469185664,NaN,NaN
26.511215347022215,19.385561298998937,NaN,NaN
26.570326855071468,19.79062808371813,NaN,NaN
26.111739469694754,19.586315458073543,NaN,NaN
26.207334954118885,19.069560469185664,NaN,NaN
26.111739469694754,19.586315458073543,NaN,NaN
25.53224760437254,19.136860160715504,NaN,NaN
26.63394086013419,20.18082039943281,NaN,NaN
26.23600707933862,20.12067463710507,NaN,NaN
26.570326855071468,19.79062808371813,NaN,NaN
26.570326855071468,19.79062808371813,NaN,NaN
26.23600707933862,20.12067463710507,NaN,NaN
26.111739469694754,19.586315458073543,NaN,NaN
26.63394086013419,20.18082039943281,NaN,NaN
26.476359112683905,20.568307795311004,NaN,NaN
26.23600707933862,20.12067463710507,NaN,NaN
26.476359112683905,20.568307795311004,NaN,NaN
26.63394086013419,20.18082039943281,NaN,NaN
26.92882165175474,20.52881663714574,NaN,NaN
25.53224760437254,19.136860160715504,NaN,NaN
24.999999999999996,19.517267499493677,NaN,NaN
24.999999999999996,18.665942329134268,NaN,NaN
24.999999999999996,19.517267499493677,NaN,NaN
25.53224760437254,19.136860160715504,NaN,NaN
25.618877018420925,20.038292743182954,NaN,NaN
26.111739469694754,19.586315458073543,NaN,NaN
25.618877018420925,20.038292743182954,NaN,NaN
25.53224760437254,19.136860160715504,NaN,NaN
26.23600707933862,20.12067463710507,NaN,NaN
25.618877018420925,20.038292743182954,NaN,NaN
26.111739469694754,19.586315458073543,NaN,NaN
26.476359112683905,20.568307795311004,NaN,NaN
26.028984634132243,20.613899215246978,NaN,NaN
26.23600707933862,20.12067463710507,NaN,NaN
26.23600707933862,20.12067463710507,NaN,NaN
26.028984634132243,20.613899215246978,NaN,NaN
25.618877018420925,20.038292743182954,NaN,NaN
26.327785387111454,20.94631425289554,NaN,NaN
26.028984634132243,20.613899215246978,NaN,NaN
26.476359112683905,20.568307795311004,NaN,NaN
26.327785387111454,20.94631425289554,NaN,NaN
26.476359112683905,20.568307795311004,NaN,NaN
26.73785380447213,20.989880878834285,NaN,NaN
25.618877018420925,20.038292743182954,NaN,NaN
24.999999999999996,20.482732500506316,NaN,NaN
24.999999999999996,19.517267499493677,NaN,NaN
24.999999999999996,20.482732500506316,NaN,NaN
25.618877018420925,20.038292743182954,NaN,NaN
25.514604645224377,20.818215268755715,NaN,NaN
26.028984634132243,20.613899215246978,NaN,NaN
25.514604645224377,20.818215268755715,NaN,NaN
25.618877018420925,20.038292743182954,NaN,NaN
26.327785387111454,20.94631425289554,NaN,NaN
25.954151447564513,21.153851597978758,NaN,NaN
26.028984634132243,20.613899215246978,NaN,NaN
25.954151447564513,21.153851597978758,NaN,NaN
25.514604645224377,20.818215268755715,NaN,NaN
26.028984634132243,20.613899215246978,NaN,NaN
26.327785387111454,20.94631425289554,NaN,NaN
26.41421356237367,21.414213562372513,NaN,NaN
25.954151447564513,21.153851597978758,NaN,NaN
25.514604645224377,20.818215268755715,NaN,NaN
24.999999999999996,21.334057670865725,NaN,NaN
24.999999999999996,20.482732500506316,NaN,NaN
25.583600674216843,21.406499141083412,NaN,NaN
24.999999999999996,21.334057670865725,NaN,NaN
25.514604645224377,20.818215268755715,NaN,NaN
25.954151447564513,21.153851597978758,NaN,NaN
25.583600674216843,21.406499141083412,NaN,NaN
25.514604645224377,20.818215268755715,NaN,NaN
25.583600674216843,21.406499141083412,NaN,NaN
25.954151447564513,21.153851597978758,NaN,NaN
25.98988087883703,21.737853804470568,NaN,NaN
25.30876236469127,21.653455153248316,NaN,NaN
25,22,NaN,NaN
24.999999999999996,21.334057670865725,NaN,NaN
25.30876236469127,21.653455153248316,NaN,NaN
24.999999999999996,21.334057670865725,NaN,NaN
25.583600674216843,21.406499141083412,NaN,NaN
25.30876236469127,21.653455153248316,NaN,NaN
25.583600674216843,21.406499141083412,NaN,NaN
25.528816637148303,21.928821651754035,NaN,NaN
23.79750721487557,18.94251537522974,NaN,NaN
23.585786437627657,18.585786437626155,NaN,NaN
24.055207022537374,18.66074412368484,NaN,NaN
24.055207022537374,18.66074412368484,NaN,NaN
24.010119121163264,18.26214619552926,NaN,NaN
24.540053488786285,18.438112958468047,NaN,NaN
23.79750721487557,18.94251537522974,NaN,NaN
23.751810566741682,19.403355397056583,NaN,NaN
23.26214619552875,19.010119121164173,NaN,NaN
23.405111860643807,20.25667056748903,NaN,NaN
23,20,NaN,NaN
23.555746712626515,19.85243024918462,NaN,NaN
23.555746712626515,19.85243024918462,NaN,NaN
23.071178348245958,19.471183362851708,NaN,NaN
23.751810566741682,19.403355397056583,NaN,NaN
24.055207022537374,18.66074412368484,NaN,NaN
24.540053488786285,18.438112958468047,NaN,NaN
24.344373212923724,19.077856777427908,NaN,NaN
23.79750721487557,18.94251537522974,NaN,NaN
24.344373212923724,19.077856777427908,NaN,NaN
23.751810566741682,19.403355397056583,NaN,NaN
24.055207022537374,18.66074412368484,NaN,NaN
24.344373212923724,19.077856777427908,NaN,NaN
23.79750721487557,18.94251537522974,NaN,NaN
24.540053488786285,18.438112958468047,NaN,NaN
25,18.000000000000004,NaN,NaN
24.999999999999996,18.665942329134268,NaN,NaN
24.540053488786285,18.438112958468047,NaN,NaN
24.999999999999996,18.665942329134268,NaN,NaN
24.344373212923724,19.077856777427908,NaN,NaN
23.405111860643807,20.25667056748903,NaN,NaN
23.596044600027607,20.6497215394887,NaN,NaN
23.071178348245425,20.528816637146335,NaN,NaN
23.73143137814387,21.058042136818973,NaN,NaN
23.262146195529965,20.989880878837976,NaN,NaN
23.596044600027607,20.6497215394887,NaN,NaN
23.405111860643807,20.25667056748903,NaN,NaN
23.80258964231949,20.25238441162552,NaN,NaN
23.596044600027607,20.6497215394887,NaN,NaN
23.405111860643807,20.25667056748903,NaN,NaN
23.555746712626515,19.85243024918462,NaN,NaN
23.80258964231949,20.25238441162552,NaN,NaN
23.751810566741682,19.403355397056583,NaN,NaN
24.344373212923724,19.077856777427908,NaN,NaN
24.266034197525137,19.91705975892819,NaN,NaN
23.555746712626515,19.85243024918462,NaN,NaN
23.751810566741682,19.403355397056583,NaN,NaN
24.266034197525137,19.91705975892819,NaN,NaN
23.80258964231949,20.25238441162552,NaN,NaN
23.555746712626515,19.85243024918462,NaN,NaN
24.266034197525137,19.91705975892819,NaN,NaN
24.344373212923724,19.077856777427908,NaN,NaN
24.999999999999996,18.665942329134268,NaN,NaN
24.999999999999996,19.517267499493677,NaN,NaN
24.999999999999996,19.517267499493677,NaN,NaN
24.266034197525137,19.91705975892819,NaN,NaN
24.344373212923724,19.077856777427908,NaN,NaN
23.73143137814387,21.058042136818973,NaN,NaN
24.006809028161467,21.33032097313639,NaN,NaN
23.585786437626492,21.414213562372687,NaN,NaN
24.006809028161467,21.33032097313639,NaN,NaN
23.73143137814387,21.058042136818973,NaN,NaN
24.288761076238323,20.816172101538367,NaN,NaN
23.73143137814387,21.058042136818973,NaN,NaN
23.596044600027607,20.6497215394887,NaN,NaN
24.288761076238323,20.816172101538367,NaN,NaN
23.80258964231949,20.25238441162552,NaN,NaN
24.266034197525137,19.91705975892819,NaN,NaN
24.288761076238323,20.816172101538367,NaN,NaN
23.596044600027607,20.6497215394887,NaN,NaN
23.80258964231949,20.25238441162552,NaN,NaN
24.288761076238323,20.816172101538367,NaN,NaN
24.266034197525137,19.91705975892819,NaN,NaN
24.999999999999996,19.517267499493677,NaN,NaN
24.999999999999996,20.482732500506316,NaN,NaN
24.288761076238323,20.816172101538367,NaN,NaN
24.266034197525137,19.91705975892819,NaN,NaN
24.999999999999996,20.482732500506316,NaN,NaN
24.006809028161467,21.33032097313639,NaN,NaN
24.503648132646013,21.490593681791836,NaN,NaN
24.010119121161605,21.737853804469793,NaN,NaN
24.006809028161467,21.33032097313639,NaN,NaN
24.288761076238323,20.816172101538367,NaN,NaN
24.503648132646013,21.490593681791836,NaN,NaN
24.999999999999996,20.482732500506316,NaN,NaN
24.999999999999996,21.334057670865725,NaN,NaN
24.288761076238323,20.816172101538367,NaN,NaN
24.503648132646013,21.490593681791836,NaN,NaN
24.288761076238323,20.816172101538367,NaN,NaN
24.999999999999996,21.334057670865725,NaN,NaN
24.999999999999996,21.334057670865725,NaN,NaN
25,22,NaN,NaN
24.503648132646013,21.490593681791836,NaN,NaN
