x (mm),y (mm),Ex_f1 (V/m),Ey_f1 (V/m),|E_f1| (V/m),Ex_f2 (V/m),Ey_f2 (V/m),|E_f2| (V/m),AM_max (V/m)
4.471183362853514,21.92882165175453,0.007961384836409707,-0.02922986908997402,0.030294700782982378,-0.011813042507048344,0.04319617603638398,0.04478233577471819,0.060589401565964755
4.187157719903746,22.216524427442312,0.010762567130140939,-0.024105931836811145,0.026399409102322257,-0.016636786485669356,0.03538337308057873,0.039099434204719306,0.052798818204644514
4.010119121164105,21.73785380447121,0.0165673208450324,-0.029146033693936896,0.033525623037765455,-0.02544582442092916,0.04449011505317774,0.05125290545818595,0.06705124607553091
3.645853406115165,21.978666159770324,0.018427078859585822,-0.02286689583477024,0.029367535824710033,-0.029946223646501784,0.03381328199165246,0.04516762501763084,0.058735071649420066
3.5857864376264303,21.41421356237262,0.026176647650299353,-0.026309307665576626,0.03711329346810778,-0.04354400433022583,0.043178723284658826,0.06132277274882362,0.07422658693621556
4.6991547548353445,22.285323227980957,0.00398521918039918,-0.024908917140597342,0.0252257036578361,-0.006029733352407279,0.03635255639698473,0.03684923392551178,0.0504514073156722
5.0,22.0,1.2460523556190317e-05,-0.028967409163973723,0.028967411843962107,1.2101258917929236e-05,0.0423752220464102,0.04237522377431223,0.057934823687924214
3.055023646880288,21.57099072460568,0.025454128182596115,-0.01885899278962966,0.03167924005678383,-0.046116677469146994,0.026552100145452822,0.05321430224035156,0.06335848011356766
3.2621461955301183,20.98988087883824,0.03335886551169959,-0.019068076596301275,0.038424021826327245,-0.06456371201594902,0.03600504489113107,0.0739245302108222,0.07684804365265449
3.0711783482463786,20.52881663714981,0.03354082455702542,-0.009411441493866005,0.03483621883841044,-0.08420384495823752,0.022182995657010946,0.0870768212676018,0.06967243767682088
2.687648493043144,20.89392684367942,0.02881392687637698,-0.013829877087514209,0.031961036940201894,-0.06459147473657013,0.014965942654086267,0.06630262474570955,0.06392207388040379
-3.262146195530385,20.9898808788387,0.06462950474752424,0.03615258972144415,0.07405391702994062,-0.0334929584466153,-0.01900206017065379,0.038507876547997894,0.07701575309599579
-2.99198200319441,21.33522415979693,0.05296695915902335,0.026071819295455618,0.05903590876685595,-0.027824563912173066,-0.017928326251944494,0.033100320830752775,0.06620064166150555
-3.5857864376275925,21.41421356237378,0.04408607617842125,0.043298088871720444,0.06179244786179751,-0.02657408793507024,-0.026241651462127952,0.03734710726469519,0.07469421452939037
-4.099695656567393,22.107805601088454,0.019373155496082917,0.03694213527640333,0.04171379283469068,-0.012504852762282059,-0.024965501611365546,0.027922170641149102,0.055844341282298204
-4.471183362853743,21.9288216517546,0.011873873411070601,0.04326386094500111,0.04486368836431666,-0.008037508408769637,-0.029276986541297192,0.030360228628262,0.060720457256524
-4.010119121164328,21.73785380447134,0.02574316706701768,0.04468382258938253,0.05156893107133204,-0.016778520544322884,-0.029210598029860313,0.03368646299210329,0.06737292598420658
-3.4628216910226937,21.888414210620358,0.034604344852718676,0.03201848173180812,0.0471449239589588,-0.020815483228123856,-0.021670481586549748,0.030048196521809713,0.060096393043619425
-3.071178348245588,20.528816637146925,0.08443169975137896,0.022242554536877096,0.08731233106058363,-0.033829617243637956,-0.009333325524564479,0.035093503219236086,0.07018700643847217
-2.7780794319716064,20.97975227487448,0.06296194095177766,0.0186165088775083,0.06565653365204016,-0.029187992133416402,-0.014802761845641887,0.03272706285383962,0.06545412570767924
2.45272537443563,20.39465678076841,0.025956444597432137,-0.011484454192947096,0.02838361682818918,-0.0729928590467616,-1.5394801023685796e-05,0.07299286067020737,0.05676723365637836
3.0,20.0,0.02478863445870305,-0.0006640298456762617,0.024797526771094515,-0.10225841260730963,-0.00044118801896556964,0.10225936434300215,0.04959505354218903
-4.434937762809417,22.40386504255366,0.010794606289775077,0.033141901950298765,0.03485554747575296,-0.007065394814923695,-0.022749091077279033,0.023821019053203565,0.04764203810640713
-5.0,22.0,9.843909923101801e-05,0.04262303753327551,0.04262315120705261,-9.341436797172253e-05,-0.029149843357940047,0.02914999303664728,0.05829998607329456
-3.0,20.0,0.10305285620745773,-0.0008450109662673974,0.10305632060212548,-0.024404529029370587,-0.00029792346740253883,0.02440634744360206,0.04881269488720412
-2.5517203245879925,20.178421894587395,0.0805334835679439,-0.004172728363943755,0.08064151311568721,-0.02432752875752172,-0.009347864652983102,0.026061681239293394,0.05212336247858679
2.51762177700531,19.779563281979456,0.018719708292010685,-0.009850877127098775,0.021153421914933086,-0.08495382227852383,-0.018265304690189887,0.08689518556949219,0.04230684382986617
3.071178348246208,19.47118336285081,0.006911478333206489,0.0011894179210979738,0.0070130769097031705,-0.11441971594651969,-0.03157302606473028,0.11869594505359646,0.014026153819406341
-3.071178348246222,19.471183362850766,0.11432662755728419,-0.0317535194090184,0.11865438788127847,-0.00665572364759919,0.0010651751068484483,0.00674041951820958,0.01348083903641916
-2.514155196002521,19.56365523412766,0.08628607027394086,-0.02707281272269628,0.09043352869393988,-0.014914908708799763,-0.010878437334571223,0.018460631100642905,0.03692126220128581
2.867482167289314,19.044533449785483,0.0005540196523490137,-0.012768046270209067,0.012780060380662863,-0.09728134540593554,-0.05311583614489449,0.11083750364096179,0.025560120761325727
3.2621461955295774,19.01011912116272,-0.012385031273608849,-0.007656925514794022,0.01456082099290328,-0.11692941160934099,-0.06657947884656198,0.13455598947199074,0.02912164198580656
-3.2621461955297866,19.01011912116235,0.11668007475304196,-0.06744684740007362,0.13477135106759253,0.012325084463409079,-0.008067155883990137,0.01473046880064462,0.02946093760128924
-2.697926190486489,19.051914038920348,0.08992295517467841,-0.049457453421549,0.10262639799920832,-0.00426350010548456,-0.015120274283765353,0.015709873569375494,0.03141974713875099
2.9739144974682987,18.67993553457128,-0.005746877175976531,-0.02111134556727279,0.021879568298679215,-0.09100406153809118,-0.07076376719781796,0.11527900921007113,0.04375913659735843
3.585786437626436,18.58578643762738,-0.026363630422834905,-0.027172096574968413,0.03785979188203808,-0.10638618995686899,-0.10617533070111321,0.15030376662954847,0.07571958376407616
-3.5857864376271857,18.585786437626624,0.10601178821013506,-0.107242798807154,0.15079627692851785,0.02665749845512257,-0.027797178561311624,0.03851370353334388,0.07702740706668776
-3.169653860112521,18.40090199670749,0.08513952926208691,-0.08757461893203615,0.12213948306776601,0.011053004231484245,-0.029063534401597074,0.03109433926704385,0.0621886785340877
3.44088402774609,18.11750316554752,-0.014434047864866961,-0.03838237378894874,0.04100668671619117,-0.07547190686935312,-0.10419730246505676,0.12865879902863556,0.08201337343238234
4.010119121163336,18.262146195529223,-0.02848378972961746,-0.05097129005280038,0.058390056405245645,-0.08083258334341403,-0.14230738969657028,0.16366215106805085,0.11678011281049129
-4.010119121163766,18.262146195528977,0.08047552238684813,-0.142288078845996,0.1634692848370007,0.028388883429539897,-0.05117770727164517,0.05852423791864536,0.11704847583729072
-3.535161453184726,18.01084842987935,0.06978253744085229,-0.10976723071232984,0.13007093245586349,0.014431514875499114,-0.042189397694589605,0.04458939222992386,0.08917878445984773
4.073995908745701,17.79299657242668,-0.014440280166953935,-0.05530378261617766,0.057157939631844304,-0.05014218776847914,-0.13298134093568015,0.14212063900525151,0.11431587926368861
4.471183362852986,18.07117834824561,-0.01870231682896928,-0.0684986958110612,0.07100597145724746,-0.04533350036346591,-0.1652316095081905,0.1713377104897562,0.14201194291449493
4.439701008533278,17.47250186935209,-0.007431040897025093,-0.059738903918367614,0.06019931071184467,-0.026421198318900996,-0.13363389416213017,0.13622076710084297,0.12039862142368934
5.0,18.000000000000004,-0.001258145579776826,-0.07648578719611428,0.07649613436840577,-0.002056605268330125,-0.17584212666443028,0.17585415302204058,0.15299226873681154
-4.471183362852978,18.071178348245617,0.04432279447311495,-0.16541954649161064,0.17125459547526345,0.017998074662994648,-0.06853964536778354,0.07086334509967943,0.14172669019935885
-3.974679301795965,17.603944922176392,0.04487710743386092,-0.12360499341864781,0.13149961661409612,0.010641235756076622,-0.05349201622431815,0.054540184251239195,0.10908036850247839
-4.699264045073427,17.726504742342403,0.01871775287279967,-0.1531994756453024,0.1543386977093004,0.006533532260522029,-0.06718266679714324,0.06749961304907796,0.13499922609815593
-5.0,18.000000000000004,0.0010178724745685264,-0.17497796246218938,0.1749809229938905,0.0007336667755859505,-0.07609394827882121,0.07609748505435325,0.1521949701087065
4.1605015135751255,-17.809094106584503,0.014665038737501995,-0.05753491682916789,0.05937448960379955,0.04792506900454946,-0.13785730101618518,0.14595015478771484,0.1187489792075991
4.010119121163766,-18.262146195528977,0.028369842067276094,-0.051261430181511594,0.05858824253360205,0.08026897347152699,-0.1425842132221776,0.16362568857719165,0.1171764850672041
4.471183362852978,-18.071178348245617,0.01823981306019634,-0.0688739500414404,0.071248240503059,0.04448990529801833,-0.1658077163367218,0.17167280061275125,0.142496481006118
4.702810493682488,-17.725849081754184,0.006493782988952312,-0.06720212191479127,0.06751514205982297,0.01854483129789533,-0.15322215219791063,0.15434033397666044,0.13503028411964593
5.0,-18.000000000000004,0.0007280635095138766,-0.07610267992535819,0.0761061624856713,0.001006457695636398,-0.17498886467942348,0.174991759002779,0.1522123249713426
3.620545553140869,-18.059348914355617,0.01666505849920954,-0.042994399330015504,0.04611119764797824,0.07220588702573982,-0.11444606503769245,0.13532033078508798,0.09222239529595648
3.5857864376271857,-18.585786437626624,0.02631091517295668,-0.027729818128489965,0.038225738327436566,0.10557138357809387,-0.10696260012737004,0.1502874407813264,0.07645147665487313
3.049790900945061,-18.436848386269872,0.007916799452397143,-0.027679978231591813,0.02878987510342607,0.08366882315207591,-0.08134226053685449,0.11669205335796808,0.05757975020685214
3.2621461955297866,-19.01011912116235,0.012124820260864096,-0.008130352580201575,0.014598421128212835,0.1164426143338583,-0.0671091846482097,0.1343968939263522,0.02919684225642567
3.071178348246222,-19.471183362850766,-0.006743126456005268,0.0010569947475807342,0.006825466452784851,0.114268537046972,-0.03161247491941458,0.11856073181870053,0.013650932905569702
2.688056912859251,-19.095816088949743,-0.005131525227697296,-0.014447467959043945,0.015331727938823309,0.09017717938636136,-0.04740876307165335,0.10187990232653425,0.030662393293238333
2.514791887237623,-19.58895372003973,-0.015311484793897852,-0.01075465958113099,0.01871107344060671,0.08613379078149032,-0.02615275464403993,0.09001664562657785,0.03742214688121342
3.0,-20.0,-0.024333023660253184,-0.00027373279082891033,0.024334563281292236,0.10300032697761179,-0.000853867144486135,0.10300386617304895,0.04866912656258447
2.5849823305882924,-20.125567272065123,-0.023774188900139364,-0.008687653021422341,0.02531180303495068,0.08261054731464049,-0.005343651575801144,0.0827831935829249,0.05062360606990136
3.071178348245588,-20.528816637146925,-0.03384375267210918,-0.0091063463216014,0.03504746978399212,0.08461870433950422,0.022165339210840296,0.08747358107696315,0.07009493956798424
-4.0793794232745775,-17.794697910369358,-0.05006681882192532,-0.13326797404033952,0.1423623519465877,-0.014494186951727295,-0.05542227226626084,0.05728620879886509,0.11457241759773018
-4.471183362852986,-18.07117834824561,-0.04531998834826193,-0.16539035479742398,0.17148723218917605,-0.01870088854925119,-0.06858576605908846,0.07108959514896343,0.14217919029792686
-4.010119121163336,-18.262146195529223,-0.08070240335209006,-0.14230306182227698,0.16359412981766253,-0.02841486996464579,-0.050989307959265706,0.05837220538297801,0.11674441076595601
-3.585786437626436,-18.58578643762738,-0.10616067776452126,-0.10625906459387005,0.15020345639094584,-0.02637558678440094,-0.027280414142368252,0.037945916433795496,0.07589183286759099
-3.449360516087542,-18.09866756647174,-0.07442154074997472,-0.1047559735506816,0.12850050475446098,-0.014268395015876269,-0.03893623466391273,0.0414682705949062,0.0829365411898124
-3.2621461955295774,-19.01011912116272,-0.11666713969642689,-0.06631295026968236,0.1341962326535844,-0.011952797813181537,-0.007560989442105037,0.014143476832321717,0.028286953664643434
-3.040380653597283,-18.64247800899297,-0.09206029558173817,-0.07461800044726202,0.11850292829016756,-0.00772136435213119,-0.021961590217201114,0.02327940962152232,0.04655881924304464
-3.071178348246208,-19.47118336285081,-0.11431105674994305,-0.03086789089467748,0.11840542379289225,0.007198421936551708,0.0012490932696967993,0.007305991539348419,0.014611983078696838
-2.757714969813332,-19.21840996043036,-0.09519831262745114,-0.04270951154992794,0.1043399305345147,0.005947817715310014,-0.011056691551484336,0.012554957731478857,0.025080192882751935
2.778960763768771,-20.79763108105773,-0.029757799449835545,-0.013160306126017079,0.03253798219661316,0.06886255376415434,0.01644627055536963,0.07079923111236072,0.06507596439322633
3.262146195530385,-20.9898808788387,-0.033470144761729353,-0.01883418785105208,0.03840543219884183,0.06473442546122571,0.035995781125428505,0.07406917104048581,0.07681086439768366
4.087645824362271,-22.149518637005222,-0.012400618981417557,-0.024361566445790715,0.027336080019179223,0.01925511623960483,0.03593551176297645,0.04076911216923558,0.054672160038358446
4.471183362853743,-21.9288216517546,-0.00805005520159722,-0.0292517258085149,0.03033919661964204,0.011903397713458571,0.04324069738836208,0.04484917822833183,0.06067839323928408
4.010119121164328,-21.73785380447134,-0.016779974804780773,-0.02918028466573941,0.033660905626894,0.02577742035701963,0.04464253655764528,0.05155028099402743,0.067321811253788
-4.450738368260728,-17.505640373585766,-0.026700759809470148,-0.13529399634515146,0.13790357508579998,-0.00770792505438284,-0.0602037913644491,0.060695210711374084,0.12139042142274817
-5.0,-18.000000000000004,-0.001984558158551475,-0.1759546833336779,0.1759658746977366,-0.0012290830401586739,-0.07656613468053212,0.07657599901429292,0.15315199802858584
-3.0,-20.0,-0.10254953373495002,-5.718916646491046e-05,0.10254954968139261,0.02501385102212696,-0.0005215765361632485,0.025019288260065234,0.05003857652013047
-2.6437632464614174,-19.889225501870676,-0.08876901626393434,-0.012345064357530834,0.08962331651115249,0.020450261722421634,-0.00750178076366451,0.021782789516993233,0.043565579033986467
2.9828171442667992,-21.401762251985357,-0.02716691582579487,-0.017949748415064283,0.032561246653804984,0.051165470866311284,0.025444133153176555,0.05714288512919108,0.06512249330760997
3.5857864376275925,-21.41421356237378,-0.02650072274566373,-0.026131245694301912,0.03721733880301641,0.0440906401490217,0.0431456348921421,0.061688980855551134,0.07443467760603283
3.43309867942526,-21.907577658436125,-0.02083847009006325,-0.0212326414638056,0.029750073936462368,0.034733297399720274,0.03115430987827463,0.046658257278310085,0.059500147872924736
4.421349627825241,-22.439801929139165,-0.007124830701218869,-0.02226273437911825,0.02337504127389307,0.01090071806544222,0.03238580911245855,0.034171132351897,0.04675008254778614
5.0,-22.0,-0.00010683138023248606,-0.029148802364872273,0.029148998134587503,0.00011942106197565527,0.0426304064929362,0.04263057376042481,0.058297996269175006
-3.0711783482463786,-20.52881663714981,-0.08419154438252122,0.02234105271527572,0.08710533153568023,0.03389381195495847,-0.009436811666711575,0.03518300588737508,0.07036601177475016
-2.5967101949939675,-20.39548382402763,-0.07655869917369487,0.0033902914608011127,0.07663372948876682,0.026849655176411254,-0.010507457019831312,0.02883245803111122,0.05766491606222244
-3.2621461955301183,-20.98988087883824,-0.06445169789996787,0.03624562192069826,0.07394434711732145,0.03342483368184376,-0.019264204611272748,0.038578868386253885,0.07715773677250777
-2.712450904483546,-20.939753661647245,-0.06340578800960758,0.016350378163739927,0.06547998792926431,0.028822063124465218,-0.014311332661013105,0.032179583050201854,0.06435916610040371
-3.5857864376264303,-21.41421356237262,-0.04362108881592314,0.04343270454460184,0.06155647174380068,0.026281392485435744,-0.026423164143726214,0.037267884221401905,0.07453576844280381
-3.169408149556428,-21.634953363535107,-0.04359445990332962,0.029002708537390058,0.05236061532075242,0.024681706307551243,-0.019973896471366787,0.03175127031318736,0.06350254062637473
-4.010119121164105,-21.73785380447121,-0.025655143343702277,0.044695766857083465,0.05153540486819398,0.016724384545997506,-0.02923857817800931,0.03368381647488839,0.06736763294977678
-3.569512050730424,-21.9578576084802,-0.03153383089042843,0.03295079218885818,0.04560852109528937,0.019290298889302084,-0.022307058659140632,0.02949102401173873,0.05898204802347746
-4.471183362853514,-21.92882165175453,-0.011874018838486267,0.04328982267597575,0.04488876330101055,0.008016847328991966,-0.029291035378887026,0.03036831563757821,0.06073663127515642
-4.00504675421403,-22.12580344561881,-0.021101891752956285,0.0356693595038807,0.041443854103721686,0.013522880779579118,-0.02412211314280994,0.02765401683396527,0.05530803366793054
-4.676563786275883,-22.27408177303356,-0.006517942073162336,0.03653940299131697,0.03711618972673466,0.00430970930462328,-0.025026280771890133,0.025394651475533863,0.050789302951067726
-5.0,-22.0,1.1522635950111937e-05,0.04239465430793571,0.0423946558738305,1.3000746564545418e-05,-0.028983409669139232,0.028983412584934934,0.05796682516986987
4.096900569037061,22.564078656086693,0.01023169471547463,-0.01977542633838528,0.02226555778810793,-0.015822005306009655,0.028421784578709662,0.032528966945508365,0.04453111557621586
4.293910439361585,23.070785423459306,0.006872613236191693,-0.015353371664279556,0.016821380269043906,-0.010328852833585983,0.021679120866083788,0.024013943499228665,0.03364276053808781
3.811426153273164,22.78365903923386,0.012054848937084537,-0.016575178002921704,0.02049526551973572,-0.01852780948923946,0.023109248392898074,0.029619538918663372,0.04099053103947144
4.442351440003778,22.47383376564888,0.006693037956193364,-0.021861558827494926,0.022863169322101133,-0.010244248271358381,0.031749534604818365,0.03336131847316272,0.045726338644202266
3.504582606411192,22.43037405263293,0.01628259468970773,-0.018045305325564406,0.024305471279572867,-0.02591444805484362,0.02506766604483489,0.0360547708205524,0.048610942559145734
3.864539041036887,22.28267898684656,0.013969429103646888,-0.021439877110052886,0.0255893196466023,-0.0220481331339921,0.03112393630455318,0.038142097291367236,0.0511786392932046
3.254414903121782,22.00894805309346,0.020785087427682314,-0.01905646640123332,0.0281987370475653,-0.03486133094657699,0.026536277638750976,0.04381194387707126,0.0563974740951306
-4.157163116622182,24.14776777987925,0.009296949673280612,0.00847467610398273,0.012579881092241231,-0.0066384017481630865,-0.0062613289608397255,0.009125383176933724,0.018250766353867447
-3.599147710772696,25.0,0.013843617988802182,0.00016643786586099477,0.013844618470116095,-0.010255252906116655,-7.154007069552308e-05,0.010255502432846926,0.020511004865693853
-5.0,25.0,-4.738979524734899e-05,6.762299613141676e-05,8.257519179133202e-05,2.4261420520838017e-05,-3.1641603384618966e-05,3.9872391330825275e-05,7.974478266165055e-05
5.0,23.683507434719356,-3.618177207698192e-05,-0.010424583581265282,0.010424646371144505,5.509549680861777e-05,0.01462474839922486,0.014624852178890518,0.02084929274228901
5.0,25.0,-6.473052581015826e-05,-6.528704389330287e-05,9.193714739965353e-05,0.00013072534828798,0.0001357896117157309,0.00018848855491759343,0.00018387429479930706
3.9906564794831967,23.966777656991983,0.008023337543381146,-0.0074679789520313376,0.010961051727047567,-0.011296298818444786,0.010032284590903232,0.015108047561100391,0.021922103454095135
3.4558759698264967,22.912935128645344,0.014377271164933602,-0.014159595767015027,0.02017919915247632,-0.021854386874780363,0.0187690963951463,0.02880786707069557,0.04035839830495264
3.7160384337338983,23.307817147468693,0.01127728253195901,-0.012071882536357255,0.016519910692168863,-0.016658613749267758,0.016249498139458685,0.023271347228546183,0.033039821384337725
3.5991477107708008,25.0,0.010186141140079727,-0.00012183462314016569,0.010186869735155172,-0.013687246445366083,0.00027662053708396583,0.013690041423521081,0.020373739470310345
2.999326157381037,22.60617230221234,0.01868061320103546,-0.0142548832867737,0.0234982341269773,-0.029270373648358865,0.017470977475330416,0.03408797188830752,0.0469964682539546
2.839820659271957,22.10211781497106,0.022060754391468502,-0.015810112213202936,0.027141048846991256,-0.03695789894624807,0.018947579770783096,0.04153188020895843,0.05428209769398251
5.0,22.715824264065677,-3.2165166339512274e-06,-0.019776971422768422,0.019776971684334742,-1.5576552223180162e-05,0.028557079404113644,0.028557083652253967,0.039553943368669485
-5.0,23.68350743471924,-9.536337484393012e-05,0.014622491868266623,0.014622802830195897,5.490174699015101e-05,-0.010421388500141293,0.010421533115271464,0.02084306623054293
-4.131870456948388,23.201213038416213,0.01216518994032334,0.019350922830221835,0.022857166505613615,-0.008142262721993603,-0.013861658638074214,0.01607613207312207,0.03215226414624414
-3.124890255462242,21.97077231135436,0.037135855557276824,0.024882120215575055,0.04470113728299602,-0.02186913896367342,-0.018311554516905748,0.02852318824812665,0.0570463764962533
-3.154582617188039,21.70639520287865,0.042143372528281806,0.027976160576776616,0.05058388487132169,-0.02400358918784301,-0.019478177228353377,0.030912322495048442,0.061824644990096884
-3.723041969855316,22.133458649995063,0.026388344395583085,0.03217843544246293,0.04161485825356919,-0.01645521138148044,-0.02194747952736789,0.027431110790732408,0.054862221581464816
-3.7876194102059615,22.52021769558277,0.021159962425046103,0.026766508633827794,0.03412022852025087,-0.013504056001570239,-0.018832436170082473,0.023173695876872465,0.04634739175374493
-2.9401324441028573,21.854295085081123,0.04075066557015703,0.02231054810672185,0.04645833941536365,-0.023398117780824484,-0.01729118852328193,0.029093936073226866,0.05818787214645373
-3.207447375261234,22.34157998216711,0.030621643320935126,0.022386186649796937,0.03793186513202478,-0.018913832300200144,-0.01684833301324713,0.02532981203257078,0.05065962406514156
-2.901145883268426,22.078303175503425,0.03697158928457969,0.020150648789361892,0.042106377911901416,-0.022011492252436548,-0.016257476945822802,0.027364417549493616,0.05472883509898723
-3.1853316816817365,22.89562852038973,0.024829740970427627,0.01686338351788079,0.03001482534231485,-0.01636164348966955,-0.013300858561685745,0.02108592459820093,0.04217184919640186
-2.855982204218292,21.643537906024665,0.0455483871471957,0.021582398454762664,0.05040293141049402,-0.02516599901883145,-0.017061234185235485,0.03040416449335968,0.06080832898671936
-3.0519280302968816,23.85505788345083,0.020246078114825553,0.008160441745982428,0.02182879952084381,-0.014668319794088792,-0.006908109516012999,0.01621362336638194,0.03242724673276388
-2.2087658115855096,25.0,0.022818806884905302,-2.9552350583254373e-05,0.02281882602133656,-0.01828321486120634,6.962886090329986e-06,0.018283216187061267,0.036566432374122534
2.957351819214576,23.59139030538314,0.015676712194650437,-0.008362297250255476,0.01776759186090034,-0.021921994846752127,0.009771333032409107,0.024001100126687446,0.03553518372180068
2.208765811581656,25.0,0.018191894516639308,-3.280375709176682e-05,0.018191924092602483,-0.022600798466492673,6.988480887864154e-05,0.022600906513003623,0.036383848185204966
2.7544928579011687,21.28863665932753,0.027270857005895745,-0.01601463243209551,0.03162543428588987,-0.05388602973939386,0.01945507483407587,0.057290523979750194,0.06325086857177974
2.4726244210172905,21.78275171569253,0.0247039500278552,-0.01470005046324152,0.028746767306961914,-0.04339435583664308,0.01391623352825148,0.045571171524221646,0.05749353461392383
2.176534009873312,22.53958877244642,0.022648503056338677,-0.01129543691115283,0.025308923045179465,-0.03384913186497147,0.009074195400979887,0.03504432550624126,0.05061784609035893
2.335428267176601,21.27934315596225,0.02667105632349966,-0.014415014422343905,0.03031728692029803,-0.052259371485694095,0.010014348782092768,0.05321023482009058,0.06063457384059606
2.249169686882743,20.883288774572566,0.026970963865583713,-0.013781080912269327,0.03028780419490882,-0.05933893402047486,0.004667384962030552,0.05952221075422231,0.06057560838981764
-5.0,22.715824264065965,0.0001927017009322185,0.02863371355890802,0.028634361982051132,-9.861413328772957e-05,-0.019819308894068948,0.019819554227726834,0.03963910845545367
-2.664061260377285,21.872466829644505,0.0417060390140236,0.017211681102637422,0.04511801920095944,-0.02397147780476629,-0.015511537817886648,0.028552400137643957,0.057104800275287915
-2.6225886330906456,22.364183107837103,0.034594754999924086,0.014688460146587583,0.03758387865804518,-0.02164654550635622,-0.013684379249411334,0.025609278939487345,0.05121855787897469
-2.5061647027110827,23.03111818278361,0.028349968530868325,0.010298398378969731,0.030162521858644226,-0.019642653376509348,-0.010228830342472206,0.022146394782103344,0.04429278956420669
-2.529996988761336,21.451657462509097,0.04977874191301217,0.014770981820079274,0.05192403153041361,-0.026250082618201553,-0.015161714327131235,0.030314096041279937,0.06062819208255987
-1.607657484827207,23.69961079067022,0.02747065383462727,0.0028971419123956666,0.027623002251067525,-0.022121481639316178,-0.005158658527417636,0.02271501062559957,0.04543002125119914
-0.7429793235992999,25.0,0.02589020603275477,-0.00014541191225629171,0.025890614381329724,-0.02383756930537175,1.196719359009927e-05,0.023837572309321348,0.047675144618642695
0.7429793235941791,25.0,0.02379511539374396,5.815650533316785e-05,0.023795186462406703,-0.025828286849907272,-0.00020937577928051287,0.025829135483365333,0.047590372924813405
1.5069855399268683,23.408076024806935,0.02302376032555149,-0.006102907405017512,0.023818879451448935,-0.02877886977342135,0.0028944661276034045,0.028924060565546264,0.04763775890289787
-0.0054120249555371,23.80529098131625,0.026733932824439866,-0.0019096469249746024,0.026802050586470585,-0.026685814500658933,-0.0018995727341942815,0.02675333758872102,0.05341535851540624
1.883917592225319,21.810395742292368,0.02582889768785799,-0.012648169577530712,0.028759487989736696,-0.042092257731655425,0.005431652475646057,0.0424412654095551,0.05751897597947339
1.418207925857232,22.38323907703985,0.025872412168139337,-0.00965290093787138,0.027614492715138595,-0.035313267620392975,0.002304859582779101,0.035388405555009446,0.05522898543027719
1.8208886840916496,21.20677430764394,0.026972567606699305,-0.01371131157334725,0.030257552253270106,-0.049534576992617804,0.001139917720209135,0.04954769147242309,0.06051510450654021
1.8911050716912576,20.61648157519157,0.026279558360709783,-0.014335791065248092,0.029935432068042687,-0.05832187352804372,-0.005050608568823422,0.05854015355921609,0.059870864136085375
-2.135196452563683,21.84160658147786,0.04240910370584783,0.008754904942102746,0.04330335365394476,-0.025206848668135672,-0.013243851975163656,0.028474283747240058,0.056948567494480115
-1.6888400255605376,22.478401696449534,0.034876702065778045,0.004692617888922621,0.03519097909459871,-0.024655595754191652,-0.010017359927875547,0.026612889770160627,0.053225779540321254
-2.536861421484533,20.62077459918869,0.06960432080381583,0.006823070862226015,0.06993794228136446,-0.02741579980182662,-0.012080847783371026,0.02995952205791703,0.05991904411583406
-2.2960325864990048,20.94676593350019,0.05874348149343166,0.006373254901527052,0.05908819675712727,-0.027117941225978964,-0.01374943537507158,0.03040443568739468,0.06080887137478936
-2.0354528121089,21.30767937618024,0.049863945040312434,0.005066454153427025,0.050120674104326225,-0.026630921223514695,-0.013756441375290107,0.029974082880462563,0.059948165760925126
-0.7302972374651882,22.614702721350877,0.0322628330892383,-0.0016075611265003824,0.03230285825928544,-0.027720175381534762,-0.007022147325042753,0.02859578074187958,0.05719156148375916
0.4746055946920199,22.612704935658847,0.028597492104465504,-0.0062999172055952235,0.029283195035076374,-0.03171516066507931,-0.002935739074728008,0.031850745359044245,0.05856639007015275
1.0583874057012213,21.52612674010589,0.028859145408106825,-0.011972960237935943,0.031244232276461018,-0.04072980480903934,-0.0042005004353304985,0.040945832555824964,0.062488464552922035
1.3660603846588932,20.85942757717357,0.028038350503355836,-0.014693375363733444,0.031655084560439944,-0.04884085859019256,-0.007418558327112942,0.049401057432811736,0.06331016912087989
1.3836258271315178,20.311704299290295,0.026879537303472294,-0.016936260487899445,0.031770213171503,-0.05312032562654426,-0.01469730852257838,0.05511605820881923,0.063540426343006
1.9506074170638292,20.08178317486665,0.02351019253974071,-0.015101438912302664,0.027942487549924556,-0.0655003036980603,-0.01480779844498738,0.0671532626111755,0.05588497509984911
1.4233743150161222,19.799701514800088,0.02449404058879511,-0.019710365585089883,0.0314397286226112,-0.05606082734355454,-0.0232998350303497,0.06070995531941482,0.0628173233765765
-1.3664911933741313,21.436054170495453,0.04352725808810605,-0.00201632813857299,0.043573934592035575,-0.027936780475848345,-0.012694147176511175,0.030685584170660137,0.061371168341320274
-2.0725655140282297,20.43513559877379,0.06400078121437547,-0.005877781877489115,0.0642701199302576,-0.025395775608093557,-0.013705141046487528,0.02885786391680363,0.05771572783360726
-1.8232393506394224,20.885596289474847,0.05408712709974297,-0.002305108070383721,0.05413622485101726,-0.026973595317662934,-0.014167411937500662,0.030467858562227244,0.06093571712445449
-1.993606020334725,19.90555734232274,0.06784600054468008,-0.01867579799845236,0.07036949069581026,-0.022005364779132397,-0.015466097149304666,0.02689677006806599,0.05379354013613198
-0.2325194393887123,21.16075735056359,0.03682907238971771,-0.011100692018187808,0.03846564618422165,-0.03384382822728361,-0.01238323979192048,0.036038165003535926,0.0702704566565131
0.6755354524411108,20.63462310191264,0.031518572934229466,-0.016200450585112575,0.03543832725977648,-0.04259489753774368,-0.014218239882545627,0.04490527409568384,0.07031854609926337
0.894743225057347,20.02125151555911,0.028966915585917213,-0.020157473877282454,0.03529030960015764,-0.04714303951084235,-0.020808789213244448,0.05153127092205355,0.06930559916016704
0.9073246599074763,19.516512129709668,0.02730580334664834,-0.02415035537591451,0.036453347736371135,-0.047501142376095255,-0.028160377936406487,0.05522105950228882,0.06834254836673598
1.9664372700426505,19.54841111070642,0.019005973319410223,-0.017806454070377647,0.02604413232147698,-0.06836338707266065,-0.02795664655676038,0.07385883006618807,0.05208826464295396
2.544389402410591,19.29296698033688,0.010281930605526308,-0.013379433919106074,0.016873865857372005,-0.08635000978547355,-0.03763567494126636,0.09419537259460277,0.03374773171474401
-1.9731958514464767,19.431449019281374,0.06852699195419865,-0.031032831991088354,0.07522622739229931,-0.01782386453361241,-0.01856816230711541,0.025738430379025595,0.05147455647777349
-2.1996318942063056,19.047451685627628,0.0728536550264718,-0.043135745635498976,0.08466609476199212,-0.011930403956631334,-0.020607287843204914,0.023811653676742102,0.04595994082489777
1.4008039185735948,19.32459525241912,0.022134937365934533,-0.02354823673041322,0.03231833698236076,-0.05552981405168165,-0.03222967875411116,0.06420523686746701,0.062175319523641456
-1.214147639444879,20.333134600986085,0.05051672496033303,-0.015364901986341706,0.052801701807496895,-0.027781910776373486,-0.017272100970693614,0.0327133006333542,0.0654266012667084
-1.5314147644100868,19.58561043150203,0.058564291593035944,-0.027112906491992626,0.06453592757710759,-0.02249336382932497,-0.02066576552281871,0.03054546252723156,0.06080722419287912
1.004789908979678,19.112169484388414,0.02473747242012345,-0.027415995441252627,0.03692667528726561,-0.0480954728115546,-0.034606411074248174,0.059251820161129516,0.06562536506177642
0.0838558707905077,19.84371653208284,0.03575891090077485,-0.02317530513097104,0.04261214001576507,-0.03740411348708206,-0.02327634446580492,0.04405514632191478,0.0731136032977855
0.5447636020953719,19.164669798026296,0.02945312578826552,-0.028794064578264066,0.04118961973163424,-0.041742168220236346,-0.03222593140259302,0.05273442198878395,0.06911640845635712
1.9452183275135744,19.03189038100932,0.01488803647127046,-0.022922194928636706,0.027332776117992435,-0.06584104858836677,-0.04113865448345158,0.0776365414732295,0.05184125599058079
2.47243387308588,18.782855470715376,0.0057142346693717745,-0.022242888553084685,0.02296515989584214,-0.0771025645572621,-0.05459326580648594,0.09447343612214175,0.04593031979168428
-2.8132882331158204,18.64603784704212,0.08437218909993471,-0.06678045347749752,0.10760248723972579,0.002187755642543837,-0.02276298440021276,0.022867875580294114,0.04573575116058823
-2.3826468627236634,18.599016143255184,0.0712848917017652,-0.05802736407853661,0.09191686878280524,-0.005875435399742196,-0.02590126646298735,0.02655929866399369,0.05311859732798738
-1.627132942003824,19.055018635793648,0.05892380767682963,-0.038589643511653574,0.07043561384337126,-0.01842979343008803,-0.024766408435146516,0.030871220783315525,0.05773343053752129
-1.943865268060256,18.643635493058945,0.061862523162093286,-0.05010781659496609,0.07961008137098773,-0.012404450808968024,-0.027582239370219374,0.03024318648139093,0.059990466916265764
1.3745757016101952,18.82759113945312,0.01976155290642005,-0.0284808187758369,0.03466519885151825,-0.05266239202118103,-0.04120484811515521,0.06686678578775536,0.06294137680761316
-0.8502371074136695,19.26953426518328,0.04626121449084112,-0.031864547160562307,0.05617338633120945,-0.026890572752320454,-0.02650400905570417,0.03775666032599663,0.06773990539761389
0.7506287589429839,18.70122938866558,0.025486636805603986,-0.03255938619931359,0.04134830450377403,-0.04242856883659092,-0.03933513772737601,0.05785703512584251,0.06985745810609256
0.0729481611373623,18.89641494062924,0.03334051467314239,-0.033256206225146884,0.04709103068695271,-0.03497664088460114,-0.033824494335605644,0.04865657021029914,0.06828298727858671
3.0671025029825105,18.28782582494067,-0.007698935719764324,-0.03081773135358007,0.031764857578753525,-0.07806947111080711,-0.08472096781637078,0.11520627026018888,0.06352971515750705
1.890215343358789,18.53813922852875,0.012579680736195021,-0.029152430855421758,0.03175078884381839,-0.05944465281800432,-0.0514161109485842,0.07859569462591566,0.06313447549721878
2.499599249492924,18.291786901823208,0.003014548433234048,-0.030408066915303927,0.030557127413778855,-0.06718767333018513,-0.0670919101590628,0.09495002820597487,0.06111425482755771
-2.606127863216925,18.181195370409068,0.06626574262961372,-0.0720122862861275,0.0978617290998345,-0.0011764541120284217,-0.03220233656227198,0.03222381920796396,0.06444763841592792
-2.988983383737437,17.765411365188687,0.05859235628844268,-0.0882155564401638,0.10590112659211673,0.0034935932653958057,-0.039864843203335415,0.040017632582782015,0.08003526516556403
-2.0052161650043354,18.11458716568385,0.0552277073932405,-0.06068465052226023,0.0820531929477595,-0.009555073937355269,-0.03408986231828588,0.035403646010376016,0.07080729202075203
-1.2644527664861491,18.352430920108613,0.047123183985779755,-0.04798779817690392,0.06725639927044053,-0.01876478151042691,-0.03396221759240492,0.038801407821468514,0.07424973115883887
1.2287711492020952,18.326466887973584,0.019043906599910846,-0.03435311871439073,0.03927858378291089,-0.046352745463481136,-0.04787931638678005,0.06664087296597829,0.07499668252045122
-0.3524822323491953,18.31336117919102,0.035321369830849846,-0.04198838554553808,0.05486915059893329,-0.027891694060905463,-0.0382451377256428,0.047335368988110096,0.0796540305714225
0.498569377424322,18.24290977093136,0.026033378088314085,-0.038278553642855026,0.046292379974225153,-0.036589814708494046,-0.04346284000920958,0.0568140211749536,0.08059178153248048
3.69036805026521,17.843941985950465,-0.013471815984120629,-0.046807442900918934,0.048707561392793974,-0.060597061281895494,-0.11555350752205341,0.1304784155967992,0.09741512278558795
2.9298628906738085,17.89497833442355,-0.003390307467241668,-0.03757818540516187,0.037730812382814595,-0.0624237662545896,-0.08530558650668069,0.10570605319780141,0.07546162476562919
3.3260682237429835,17.70188106226024,-0.007358222937498737,-0.043364058630037304,0.043983917807162716,-0.05703709749448068,-0.09968511947093618,0.11484926440569707,0.08796783561432543
1.8181613976847173,17.972834841457725,0.011482520567935505,-0.03617479994061781,0.03795345082251131,-0.05034317163585916,-0.05962443479537768,0.07803530069799064,0.07590690164502262
2.425986243746766,17.767850791612112,0.003959507997471218,-0.03798877231964851,0.03819456147066139,-0.05399270944122866,-0.07321867169721408,0.0909735486716296,0.07638912294132277
5.0,17.323867187494848,-0.00015128908057622978,-0.06130531251954272,0.06130549919464569,-0.0004676335995050426,-0.13353353155021952,0.13353435037269196,0.12261099838929138
-4.423565322272976,17.521211158085624,0.027357015938655103,-0.1347632675134866,0.13751197981259444,0.007780407901678044,-0.0598246605162213,0.06032847381624718,0.12065694763249436
-3.4614364078879785,17.312846707151635,0.04372908637998381,-0.1018080087475624,0.11080209222199655,0.004867880824051096,-0.04831506759869582,0.048559674842236236,0.09711934968447247
-2.277101497292904,17.5367133010832,0.0478437030818654,-0.0723235104228959,0.0867162619378651,-0.005844023283703965,-0.04067867555075707,0.04109631677783588,0.08219263355567176
-2.8174015927267964,17.16800578999672,0.04258390617325069,-0.08506122234830242,0.09512518390184359,-0.0012621998598222552,-0.04545282119383691,0.045470343114661506,0.09094068622932301
-1.5571027322461135,17.37453176618813,0.039382007850249874,-0.06250734319446169,0.0738790260868899,-0.012844631808436273,-0.042917590356024535,0.04479848354868526,0.08959696709737051
-0.5810437831956654,17.31105644573739,0.030625805100709842,-0.05345389932997576,0.061605675807070305,-0.021222672315890166,-0.0465890466473505,0.05119512757808747,0.09794319135288251
1.0315433743980358,17.697893812642324,0.018609476174456286,-0.04136348783059267,0.04535692592095769,-0.03818697416344712,-0.053588814449015115,0.06580278132275831,0.08870658515164859
0.2158616154719733,17.73704843495829,0.026418983370318515,-0.04456453587893034,0.05180695455656157,-0.030410365530450647,-0.04705921840254412,0.05602999525570181,0.09136055720798494
3.713499278823258,17.29222478375412,-0.006040030720051397,-0.05071567286312026,0.051074078014763984,-0.04029674501241829,-0.10858778952453908,0.11582372681113942,0.10214815602952797
2.819537096331576,17.20302226035751,0.0011288132529448064,-0.045100751349137415,0.04511487550261825,-0.04342908022489707,-0.08490047011539063,0.09536338309327581,0.0902297510052365
1.8142981319900204,17.236904593746843,0.010342969959005318,-0.04369647451241634,0.04490388527051013,-0.03965197735555205,-0.06681018493826353,0.0776909268813945,0.08980777054102027
4.334743085185796,16.81939741525428,-0.002587375911269063,-0.055895657982149814,0.05595550996428934,-0.017911960695675577,-0.11196492129178237,0.11338863230429427,0.11191101992857869
5.0,16.435767578104368,-9.577004125923178e-06,-0.05649570353549034,0.0564957043472247,-0.00023181910603951397,-0.10703722851733731,0.10703747955165337,0.1129914086944494
-4.226506529365579,16.931081621317915,0.021879301771773736,-0.11318466510804469,0.11527997337630058,0.0033605343949748173,-0.05558461021796889,0.05568610315422817,0.11137220630845635
-5.0,17.323867187494844,0.0001332004948151333,-0.13375917655170166,0.1337592428737585,-8.647396970325183e-06,-0.0614355583470082,0.06143555895559284,0.12287111791118568
-3.1949660431991456,16.516783031632517,0.029061813571636484,-0.08969793027592637,0.09428842826061692,-0.0011601878631719252,-0.0510500575390306,0.05106323932748672,0.10212647865497344
-2.099727923015428,16.589999277827026,0.03190091916454756,-0.07362521156276619,0.08023926981974025,-0.007725930728195658,-0.048784574551969266,0.04939255733239093,0.09878511466478186
-0.8523156915870232,16.358689946459766,0.025020256323642933,-0.06160874373876704,0.06649549256581126,-0.015540027583351688,-0.05241666897403712,0.05467174447212305,0.10911006693409278
0.613598574615087,16.671198346786156,0.01817082346136672,-0.051226758659299876,0.05435402126800105,-0.0261909843635865,-0.05814882890861791,0.06377502618876256,0.10683143272791602
3.2743712103319136,16.441988375750913,0.0010786234421534626,-0.05156240219605365,0.05157368271470985,-0.02739795643166107,-0.09028551284499835,0.09435105641335215,0.1031473654294197
2.0141523992567123,16.25311840410034,0.008139683508515405,-0.0508269389815068,0.051474577937547124,-0.02786517622747068,-0.07291585054619507,0.07805888358837226,0.10294915587509425
0.0132752147655384,15.47960800997718,0.016131442200792694,-0.06013934236888003,0.06226527064133652,-0.016288040240638506,-0.06024134497015819,0.062404486206476074,0.12037959878546955
4.067387195504248,15.77332267247732,0.0006884907420755861,-0.05532734239683232,0.055331626003563665,-0.012228423660373938,-0.09241924756356215,0.09322473741144344,0.11066325200712733
5.0,15.252931652919113,3.585145064093539e-05,-0.05662315099579531,0.05662316234562627,-0.0001685687516755722,-0.08968877874215411,0.08968893715326945,0.11324632469125254
-3.937742907077572,15.821901137145728,0.01390732548247743,-0.09199600948233724,0.09304127827340856,-0.0008431187832062929,-0.055046160746198114,0.05505261721461458,0.11010523442922916
-5.0,16.43576757810437,0.00012914332498627687,-0.10728188408665286,0.10728196181642284,-3.414801530609209e-05,-0.05658197198168378,0.056581982286086414,0.11316396457217283
-2.668618017258248,15.357605618110597,0.018024927006973623,-0.07842497375353595,0.08046971170477456,-0.00508245825826337,-0.055125403727647744,0.05535920445674007,0.11071840891348014
-1.3419592768329882,15.354562847719391,0.018986432518981758,-0.0682540928980327,0.07084564783479029,-0.010380745827868111,-0.05636432609320215,0.05731227739222748,0.11462455478445496
1.3275069537330269,15.31148819417764,0.010298430601202049,-0.05655853878037602,0.05748848564555404,-0.01874768146486084,-0.06832881620231504,0.07085409433418535,0.11497697129110808
2.6943581136069654,15.314227574214778,0.004963435321505588,-0.055205120240820194,0.05542779980293449,-0.01775918175464757,-0.0783825418729172,0.08036921927612725,0.11085559960586898
-0.5073488590944755,14.475548036053937,0.013013283603858011,-0.06503720909748016,0.06632634557507142,-0.010843713897314183,-0.06142960260303194,0.06237934118803463,0.1247208065444639
0.4422099015090974,14.511240971643756,0.011133056315001012,-0.061529153193915706,0.06252824670237708,-0.013041483165788893,-0.06469375539136045,0.06599516853377022,0.12490739239163594
3.701772195151946,14.363969100093612,0.00237094804512347,-0.057900005138239015,0.05794852879617204,-0.007928586129384504,-0.08001302351424061,0.08040489046010503,0.11589705759234407
5.0,13.677554024500582,5.9069181790475746e-05,-0.059153927433596674,0.0591539569258681,-4.492748869251255e-05,-0.07867676005958149,0.07867677288725179,0.1183079138517362
-3.697716999277378,14.312369483736738,0.007718936311100914,-0.07979114844127148,0.08016364105597906,-0.0023785691571069816,-0.05802021359160613,0.05806894847033772,0.11613789694067544
-5.0,15.252931652919107,0.00010408046394568456,-0.08972957258115669,0.08972963294441831,-4.72046315996566e-05,-0.056627722654255606,0.05662774232904344,0.11325548465808688
-1.816463366487601,13.763327237028454,0.01051060756397043,-0.07080175086164908,0.07157765570650396,-0.0062764859898029835,-0.06042943351669267,0.0607545118614953,0.1215090237229906
1.780958727663943,13.741478698688844,0.006336653159314894,-0.06053991278945753,0.06087063506992989,-0.01045343732784645,-0.07058704258406971,0.07135688427007225,0.12174127013985978
-0.0750535149862145,13.27115037960452,0.008498936563135318,-0.06514128205363674,0.0656933676279094,-0.008324127207054454,-0.06476708108714632,0.06529981536197642,0.12987235057609722
3.4389438874326315,12.459501920294777,0.0023004121493637474,-0.061412063713521606,0.061455133761229234,-0.004119023025421206,-0.07300787537013398,0.07312397839795758,0.12291026752245847
5.0,11.623876204960933,2.9801469212391758e-05,-0.062219248540168345,0.062219255677248404,1.2030304296852442e-05,-0.07228776680381481,0.07228776780487091,0.12443851135449681
-3.547344599286266,12.58485142422613,0.00404992076641988,-0.07350858729081414,0.07362006699063456,-0.0021664616350612065,-0.0611778173091464,0.061216165240298125,0.12243233048059625
-5.0,13.677554024500584,7.018838879972271e-06,-0.07866581881802928,0.07866581913115193,-4.957900799811473e-05,-0.059159336859455,0.05915935763451548,0.11831871526903096
-1.3969208243119966,11.778642509660932,0.00538004590273484,-0.06847099796619448,0.06868203881949153,-0.004314455359226255,-0.0639749574879429,0.06412027534743482,0.12824055069486964
1.0156174718124822,11.439532898288586,0.004229620568915317,-0.06476302427736139,0.06490099385762203,-0.004867252428567155,-0.06766138044465027,0.06783621857001682,0.12980198771524407
3.227266763955214,10.254343117540015,0.001514917155654406,-0.06399832798431608,0.06401625542607589,-0.002004374366517199,-0.06953340042948117,0.06956228354422907,0.12803251085215178
5.0,9.162696783093176,1.0882571663539675e-06,-0.064472156023745,0.0644721560329296,2.037413919379431e-05,-0.06910279213319233,0.069102795136729,0.1289443120658592
-3.19266637259247,10.473776042837985,0.002184492710671282,-0.06974988913581444,0.06978408875138645,-0.001630597029262442,-0.06381523259787644,0.0638360615811542,0.1276721231623084
-5.0,11.623876204960933,-2.6473291516985555e-05,-0.07229952533973068,0.07229953018647854,-2.4493248662974903e-05,-0.06221984056723167,0.06221984538819554,0.12443969077639108
-1.0070667871564178,9.57488139539054,0.0026184395485866346,-0.06737944223713485,0.06743030076943891,-0.0023930306010988326,-0.0656769533455858,0.0657205355746288,0.1314410711492576
1.0718933448228158,8.69381319552895,0.0018392774214026607,-0.06595404344074439,0.06597968465835889,-0.001952622170067519,-0.0672389990691045,0.06726734519180963,0.13195936931671778
3.004111057665276,7.668076900578749,0.0008067231976054065,-0.06551361205281334,0.06551857878895179,-0.000905615186143104,-0.067843481074261,0.0678495251504311,0.13103715757790357
5.0,6.545430623748276,-6.611437580008224e-06,-0.0656614998931207,0.06566150022597257,1.2350334166008614e-05,-0.06771692066783921,0.06771692179407732,0.13132300045194514
-3.036877336269447,8.029875636992463,0.0009891972217805842,-0.0680266956171928,0.068033887348422,-0.0008676678873267655,-0.06534765456557852,0.06535341463752964,0.13070682927505928
-5.0,9.162696783093171,-5.075098453492799e-05,-0.06911284529444786,0.06911286392819152,1.7484205106397626e-05,-0.06446828386094372,0.06446828623185702,0.12893657246371404
-1.001482203403753,7.006446977967211,0.001126232118740698,-0.06702035143395706,0.06702981355424162,-0.0010823226926867842,-0.06626265625062197,0.06627149489636698,0.13254298979273396
1.004275027411336,6.015527761479188,0.0007932473439904233,-0.06638998081483727,0.06639471962395209,-0.0008125468279186384,-0.06691610468432638,0.06692103778686705,0.13278943924790418
3.012145218901792,4.937622070541755,0.0003389671953525584,-0.06615526564355348,0.06615613404007713,-0.00035635016321079044,-0.06718295355899091,0.06718389862421166,0.13231226808015426
5.0,3.927258374248968,-1.0609548153212025e-06,-0.06618996800841266,0.06618996801691565,1.9607538983603306e-06,-0.06715190939316856,0.06715190942179437,0.1323799360338313
-3.020035178466313,5.416244383091245,0.00040935134149564417,-0.06727071831970986,0.06727196378708244,-0.0003861289262971565,-0.06607037992572766,0.0660715082246328,0.1321430164492656
-5.0,6.545430623748273,-2.8614339618033648e-05,-0.06772440207823806,0.06772440812318176,1.963462120709488e-05,-0.06565661180216999,0.06565661473803837,0.13131322947607674
-1.0210997890338458,4.308699843210003,0.00044774248254691773,-0.06683472905723861,0.06683622880956983,-0.00043983952110009567,-0.06648974356475401,0.06649119835069202,0.13298239670138404
1.0023465686706194,3.233624272884152,0.00029605531378152733,-0.066542359023141,0.06654301761352135,-0.0002992764413186841,-0.06678628792282118,0.06678695846419642,0.1330860352270427
3.0135851654238124,2.2283666597829166,0.0001170341149210353,-0.06640517619335048,0.06640527932517096,-0.00012001790637539608,-0.0669290675021798,0.06692917511077805,0.13281055865034191
5.0,1.30908612474966,2.0476529422377063e-06,-0.06638715928814902,0.06638715931972804,-1.9761503857740337e-06,-0.06694812451642956,0.0669481245455952,0.13277431863945607
-3.058245206513134,2.7211182986790963,0.00014354808140669187,-0.06696289111139235,0.0669630449729391,-0.00013949892617346377,-0.06637198945449146,0.06637213605194223,0.13274427210388445
-5.0,3.92725837424896,-1.1173540034945898e-05,-0.06715542504470745,0.06715542597425257,9.443804023239374e-06,-0.06618707817486841,0.06618707884860592,0.13237415769721184
-1.051653910645728,1.4745919846911664,0.00011749319551208892,-0.06675956292287981,0.0667596663136129,-0.00011633402136092032,-0.06657212249612514,0.0665722241422323,0.1331444482844646
1.071522941740488,0.4493904496218701,3.586742568790814e-05,-0.06658000872700141,0.06658001838810057,-3.603679092836766e-05,-0.06675210656619958,0.06675211629360948,0.13316003677620114
3.0794583196427454,-0.4687766810180798,-1.8591892785871367e-05,-0.06645114831488723,0.06645115091573371,1.9017336637572782e-05,-0.06688276411773114,0.06688276682141041,0.13290230183146742
5.0,-1.3090861247496566,6.549695428977505e-06,-0.06638577922684588,0.06638577954994603,-6.951252079542836e-06,-0.06694967511670338,0.06694967547757075,0.13277155909989205
-3.122955432939275,0.0554050613680265,2.771428883265495e-06,-0.0668824963092194,0.06688249636663963,-2.711936464898826e-06,-0.06645142320245292,0.06645142325779109,0.13290284651558218
-5.0,1.3090861247496566,-3.2291611950230337e-06,-0.06694896903098743,0.06694896910886378,2.964067611813115e-06,-0.06638641380716256,0.06638641387333347,0.13277282774666693
-1.0087029603610265,-1.4805884337187665,-0.00012033606155483925,-0.06675542982688978,0.06675553828814892,0.00011930334058177427,-0.06657607211927688,0.06657617901410556,0.13315235802821113
1.163019583039616,-2.1620372823217067,-0.00017820294957444915,-0.06654798239002772,0.06654822098654987,0.0001801835483700674,-0.06678308720304363,0.06678333027395708,0.13309644197309975
0.0,-3.0,-0.0002810882273550572,-0.0666693917106653,0.06666998426324762,0.00028136081751592434,-0.06665801163537727,0.06665860543914585,0.1333172108782917
3.009997862804185,-3.000567741830019,-0.0001619002911993165,-0.06635375372637088,0.0663539512409334,0.00016710794224533004,-0.06698133729828731,0.06698154575203007,0.1327079024818668
5.0,-3.92725837424896,1.0890374841023471e-05,-0.06618604418231952,0.06618604507828078,-1.2706978355208249e-05,-0.06715664938162477,0.06715665058379387,0.13237209015656157
-3.0377004636517766,-2.598598617363014,-0.0001400616030617502,-0.06695394913764013,0.06695409563557972,0.00013622629387508023,-0.06638074585049912,0.06638088563187222,0.13276177126374444
-5.0,-1.30908612474966,2.144604696806736e-06,-0.06694878931941431,0.06694878935376392,-1.930103321815905e-06,-0.0663865727193409,0.06638657274739852,0.13277314549479705
-1.2294680425346942,-3.769148302575007,-0.00036571593119200335,-0.06683888445906726,0.06683988497801946,0.0003596082778286787,-0.06648848434337194,0.06648945682130589,0.13297891364261177
0.8394423443279065,-4.249978581685628,-0.0004443871377394711,-0.06652010011483792,0.06652158446110741,0.00045089511693028564,-0.06680332620222036,0.06680484786365981,0.13304316892221482
2.9980206912497773,-5.425374841605613,-0.00039378520581853876,-0.06606984549090424,0.06607101898699823,0.0004176027922224458,-0.06727088520178759,0.06727218138223374,0.13214203797399646
5.0,-6.545430623748273,1.9547043123106324e-05,-0.0656558431046555,0.06565584601442612,-2.8407009036710007e-05,-0.06772535931187947,0.06772536526945677,0.13131169202885223
-3.075211086105728,-5.080693900978633,-0.00036461249938543605,-0.06721734513626852,0.06721833402757725,0.0003454329091682866,-0.06612243719997493,0.06612333948886252,0.13224667897772505
-5.0,-3.927258374248968,5.450122182360888e-06,-0.06715320445822293,0.06715320467938758,-4.301505855661136e-06,-0.0661889808217891,0.06618898096156277,0.13237796192312554
-1.102038104476624,-6.031143780735732,-0.0008135550036013373,-0.06694524754537688,0.06695019074398276,0.0007914931846241282,-0.06636137913761102,0.06636609904542425,0.1327321980908485
0.9711116458844627,-6.931965865470783,-0.0010622167541364709,-0.06628564976847715,0.06629416014749703,0.0011026407849348205,-0.06699865603597444,0.0670077288626276,0.13258832029499407
3.01378364347104,-8.02634546104516,-0.0008754013405913447,-0.06535567226033921,0.065361534744129,0.000997160583716972,-0.06801727306108069,0.06802458205601362,0.130723069488258
5.0,-9.162696783093171,2.129208211382183e-05,-0.06446423311820053,0.0644642366345128,-5.6366222012415215e-05,-0.06911986582005018,0.069119888802954,0.1289284732690256
-3.0820599059712768,-7.612583707200802,-0.0008604152430521395,-0.06784898773203493,0.0678544431165145,0.0007662099767002661,-0.06551295075827393,0.06551743122852437,0.13103486245704873
-5.0,-6.545430623748276,1.2687461081702564e-05,-0.06771553163842713,0.06771553282701462,-7.113489028195974e-06,-0.06566296483421466,0.06566296521952872,0.13132593043905744
3.103775881288257,-10.511187004870688,-0.0017092986790096267,-0.06382134252065046,0.06384422811117893,0.0022838525035578858,-0.06972964294706256,0.06976703439148635,0.12768845622235786
5.0,-11.623876204960933,-1.3190006349782698e-05,-0.06220818190673267,0.06220818330507176,-6.017627618809067e-05,-0.07233866042231071,0.07233868545169037,0.12441636661014352
-1.1098041707078063,-8.633335344406753,-0.001906792937468369,-0.06724302191149138,0.06727005169535467,0.0017937899662693762,-0.0659557658245308,0.06598015404607233,0.13196030809214465
1.0054904888338632,-9.586342096436775,-0.0023971020708362977,-0.06568036793592306,0.0657240962702131,0.0026275355652510594,-0.06737872709472632,0.06742993999739483,0.1314481925404262
4.43197397057572,-17.526093811024953,0.007613647212360533,-0.060059740645102846,0.06054040031442891,0.02694814943282512,-0.1353761464553133,0.13803225632780297,0.12108080062885782
4.031511198171535,-17.492919764841414,0.009147688966162516,-0.054423306149043,0.05518674175573435,0.03981350646741452,-0.12273349711784111,0.12902955712551278,0.1103734835114687
3.817966386140084,-17.765481456811262,0.013053920449284776,-0.04992521494618002,0.051603603813285485,0.055040034500627735,-0.12025244722809048,0.13224997717268225,0.10320720762657097
5.0,-17.323867187494844,4.3198556421403245e-05,-0.061437639061740754,0.06143765424880747,0.00024467545355968956,-0.13377287060822612,0.13377309436819793,0.12287530849761494
-3.2101470704186883,-10.220808223724784,-0.0019834404993744545,-0.06948414052699095,0.06951244364133076,0.0015132376611465687,-0.06403801863987721,0.06405589527545746,0.12811179055091493
-5.0,-9.162696783093176,2.1577604882513923e-05,-0.06909829888058201,0.06909830224964485,6.848685581613713e-08,-0.06447467503573806,0.06447467503577443,0.12894935007154887
5.0,-16.43576757810437,-3.6833241458228416e-05,-0.0566028281916212,0.056602840175894564,0.00010644527836345397,-0.10733832270893923,0.10733837548875827,0.11320568035178913
4.186841698523307,-16.92693665709796,0.0033901884462318697,-0.05526812242502964,0.05537200316124592,0.02274367277632964,-0.11231390331970173,0.11459357543188914,0.11074400632249184
3.4215139453052017,-17.68836713971444,0.008339509636784447,-0.04465719344656699,0.04542920148435504,0.056304349968576306,-0.10331206559417408,0.11765867041029678,0.09085840296871008
3.6636066508238345,-17.28101265655109,0.0055571415248253184,-0.050297496096705405,0.05060355655015795,0.04027635287761294,-0.10700101831715997,0.11433023450527512,0.1012071131003159
3.330726385225533,-12.703373514613462,-0.002542310267980528,-0.06109201096371704,0.061144886499932286,0.004740028207843449,-0.07343774625370535,0.0735905594640696,0.12228977299986457
5.0,-13.677554024500584,-5.012887506554894e-05,-0.05915511134533314,0.05915513258528694,1.2736210608839845e-06,-0.07876780677831241,0.0787678067886092,0.11831026517057389
5.0,-15.252931652919107,-3.941535254132581e-05,-0.056647082303425376,0.05664709601613365,0.0001398727367447246,-0.08982811458092718,0.0898282234798544,0.1132941920322673
3.927695191999708,-15.846589802349984,-0.0008029267532346411,-0.05500315049498623,0.05500901067775319,0.014245784970724885,-0.09226483553606675,0.09335813979471515,0.11001802135550638
3.581270763410471,-14.42260091818356,-0.002603153498117272,-0.057780460090255524,0.05783906963615833,0.00873922486659023,-0.07994754185461592,0.08042377446914807,0.11567813927231665
1.2726533548162164,-11.964491141553417,-0.004651024988239318,-0.06394769992482774,0.06411661531239028,0.005754485507618197,-0.0683121333605939,0.06855407841793917,0.12823323062478056
-1.2185774217489915,-11.450727761273848,-0.004816361415722479,-0.0679829803906142,0.06815337820003858,0.004084687687089671,-0.06452443381171069,0.06465359411682305,0.1293071882336461
3.2426427681603087,-18.08964106498169,0.010094951275826977,-0.03657693486046345,0.03794443575872366,0.07219418098902916,-0.09511450370514002,0.11941008577064081,0.07588887151744732
-3.402860098677241,-12.503081908820898,-0.004248877119398147,-0.07299669808966414,0.0731202495124936,0.0023796953832776213,-0.06137959838311631,0.06142571161809888,0.12285142323619776
-5.0,-11.623876204960933,1.6736392848298864e-05,-0.07229065016767819,0.07229065210504382,2.91354545710563e-05,-0.06221754818712503,0.06221755500895176,0.12443511001790351
3.16615108746212,-17.284240371320987,0.0023962832631450673,-0.046305966184971646,0.04636792725366281,0.04505579047808497,-0.09365959597061439,0.10393336409923341,0.09273585450732562
3.018171226103995,-17.650478374266,0.0031603448272974465,-0.04145501664769914,0.04157530739138845,0.05513610949894596,-0.0894250356218744,0.10505630664864087,0.0831506147827769
2.7179469158622385,-17.94105928816156,0.0003032419791727473,-0.03622378071560518,0.03622504996587558,0.06138192881334857,-0.07858906102093736,0.09971951512617581,0.07245009993175117
3.221640558112591,-16.58269219590075,-0.0008337288591592946,-0.05075407502957854,0.050760922331244955,0.029986673329244408,-0.09048576158867094,0.09532509442763021,0.10152184466248991
1.6835028354676398,-13.99290903232815,-0.006910039002273723,-0.06007545464132686,0.06047155438199902,0.011575296198503232,-0.07042105727740018,0.0713660478809774,0.12094310876399804
2.577167350590461,-15.468277185784505,-0.005371046979491522,-0.05460527321193015,0.054868789017121944,0.019375608842791034,-0.0778526916447184,0.08022752529123935,0.10973757803424389
-0.1601861527400503,-13.474155532260005,-0.00912760165457572,-0.0651440087446687,0.06578035411344398,0.008743430195757282,-0.06430547571045515,0.06489716309620952,0.12928921441324012
-2.053880892607014,-13.696794974242572,-0.010008229195545615,-0.0715426174717854,0.07223926056061748,0.005693805289809011,-0.06028924744338548,0.06055751626320237,0.12111503252640474
0.3707067493050067,-14.728395868133356,-0.012010058125496737,-0.061181173826155094,0.062348837414373776,0.013918897919819428,-0.0639684423109714,0.06546523757685777,0.12422872388866037
-3.785553456049181,-14.423538279997388,-0.007646258006056608,-0.0805813974340069,0.08094335595904434,0.0022004508487281542,-0.05778249746627555,0.057824380648458386,0.11564876129691677
-2.7410359415088474,-15.304931368825937,-0.0175531692242255,-0.07874117492185714,0.08067395104920051,0.004837406159101306,-0.05525989548639312,0.05547122269713551,0.11094244539427102
-5.0,-13.677554024500582,-4.7434864773117834e-05,-0.07868614018294617,0.07868615448067502,6.0923756712460975e-05,-0.0591562493049599,0.059156280676988984,0.11831256135397797
2.4751827675734197,-17.23714888710717,-0.004124641633626122,-0.04378563288349289,0.04397947607252565,0.0433858463743534,-0.07764954997076554,0.08894821120338177,0.0879589521450513
2.528989254962545,-18.3417997115226,-0.0026398829857782885,-0.02957842108566421,0.029695992593268654,0.06894557972909748,-0.06699430154949318,0.09613391391327912,0.05939198518653731
2.247994184606047,-17.906391818361147,-0.006201257620882592,-0.036272913772378415,0.036799183002058,0.05479786174406807,-0.06801291236186838,0.08734163897972826,0.073598366004116
1.8407872281476871,-16.308557906502664,-0.00924030655435228,-0.05058740783782923,0.05142440176578889,0.028259071307603384,-0.0709033181736472,0.07632729288532158,0.10284880353157778
1.2467452653888855,-15.46736921496272,-0.01097278725626406,-0.05605667497702365,0.05712051181187805,0.019721708684025795,-0.06751390085231251,0.07033542920686175,0.1142410236237561
-1.0155215416731591,-15.011614416028674,-0.01636842401264467,-0.06659259341007284,0.06857476796706642,0.010888843148047377,-0.05839759761372607,0.05940409339563599,0.11880818679127197
0.0985440833263306,-15.68321056683852,-0.016712458765429847,-0.05887767748002189,0.061203653350332524,0.017546980023580676,-0.05982393598757764,0.06234420442185244,0.11863332051219388
1.4601473332741164,-17.024617811626857,-0.013058682954390772,-0.04605664195536035,0.04787215755225114,0.03454590654099833,-0.06381186794513347,0.07256289788443226,0.09574431510450228
-2.1321863371545686,-16.44676265347849,-0.03015117445025605,-0.074054138046902,0.07995691766569914,0.007551310069652827,-0.049625162646806525,0.05019640476657707,0.10039280953315415
2.757078639636698,-18.711163333631923,0.0004294211490341159,-0.021526199972427017,0.021530482757619596,0.08423611503657373,-0.06302624963917025,0.10520471101635084,0.04306096551523919
2.340341112899847,-18.71200723413796,-0.007245484820089169,-0.024357272938140166,0.025412079711452148,0.07220925508928976,-0.05428536154952149,0.09033867941868745,0.050824159422904296
-2.2607241111462595,-17.421575911009455,-0.04569394047404328,-0.07272613139458467,0.08588961743812697,0.006071070251273795,-0.04181664227295396,0.042255052537893044,0.08451010507578609
-3.0062263384625054,-17.17559979720224,-0.04263048045777089,-0.08919019287070218,0.09885468308771943,-0.00032585412993081306,-0.04616772373477744,0.04616887366792399,0.09233774733584799
-3.333146862045409,-16.44343016576761,-0.02692882749332367,-0.09115333067776449,0.09504783765985982,0.0008258396199662416,-0.051767937429129426,0.051774524205869484,0.10354904841173897
-4.104310985953847,-15.7942177400737,-0.011935515949973451,-0.09291170348602018,0.09367518980854111,0.0006078567866453963,-0.05535600711674066,0.05535934441249926,0.11071868882499852
-5.0,-15.252931652919113,-9.147303914521418e-05,-0.08966097272757118,0.08966101938842293,4.631225676343664e-05,-0.05662363768445879,0.05662365662376449,0.11324731324752899
-2.955089481501578,-17.796526694010407,-0.05936499047109383,-0.0867669540541346,0.1051318524970685,-0.0031115404244596388,-0.039151323480387606,0.03927477325305642,0.07854954650611284
-3.370362693811624,-17.657661252219004,-0.055389416807642214,-0.10118917870919658,0.1153569997101712,-0.007443743161712212,-0.04438665312116491,0.04500649161572313,0.09001298323144626
1.5457981406538688,-17.701453357529587,-0.013623655038862564,-0.03970259015558457,0.041974988286838696,0.043676610066901586,-0.0591070320741514,0.07349345214065625,0.08394929501061749
1.9720538439781643,-18.31049784748481,-0.010579219199634105,-0.031693484225448036,0.033412524915406056,0.057781723760473275,-0.056846923083917464,0.08105738871219866,0.06682504983081211
-2.4394427766194333,-18.03405559742556,-0.0601889067592641,-0.07004922554950035,0.09235582546304354,0.003720532262427559,-0.03439035211004994,0.03459102020133232,0.06918204040266464
0.6265056527987239,-16.50969543856944,-0.017443059891292658,-0.05226501097774793,0.05509892658550922,0.02510685570730511,-0.0591947664989731,0.06429910251609573,0.1087784611779118
-0.706162613058381,-16.42335878752582,-0.024894214613278537,-0.060285343976123784,0.06522303749084012,0.016648260547088817,-0.05257000881620789,0.055143180958119646,0.1094522616694185
0.8490319451465016,-17.34628154619839,-0.018939613742501714,-0.04520983952978982,0.04901671713838561,0.03331730371612501,-0.055244363120566506,0.0645134279317843,0.09594057052808526
-1.3857968735194062,-17.263039752653576,-0.03683819249360892,-0.061198454525807244,0.07143040852846554,0.014076898708209908,-0.04417535416122079,0.04636400535448257,0.09272801070896514
-1.848329449795712,-17.871740279982475,-0.04930494582431641,-0.06138155344755816,0.07873165047408962,0.010862697806449474,-0.037226440966255825,0.03877893900880183,0.07755787801760367
1.878247099255289,-18.734504558383563,-0.01371385652382643,-0.02682387863791745,0.0301262398240773,0.061524791323852794,-0.04736732048994865,0.07764639719807444,0.058977757668860674
2.18280529360533,-19.08146976187573,-0.012470040761079196,-0.02037198903075892,0.023885557428126696,0.07260719207210486,-0.04199730926264239,0.08387835433470041,0.04623435334367593
-3.763461394819343,-17.308129483195277,-0.03984624532005947,-0.11026616494368505,0.11724483100544057,-0.006345181486355905,-0.051202198963323245,0.051593861134582024,0.10318772226916405
-4.335730113988368,-16.829285063344784,-0.01793820231747248,-0.1121656322329121,0.11359096864007924,-0.0025993889893160356,-0.05591278338428912,0.055973173653958694,0.11194634730791739
-5.0,-16.435767578104368,-0.00015777445649232483,-0.10700987951876322,0.10700999582935858,1.4561499319979777e-05,-0.05648964113048027,0.05648964300726029,0.11297928601452058
-3.708996456976799,-17.82672223434358,-0.05953111586784947,-0.11621527410021171,0.130575432952216,-0.013335629677410376,-0.04732277973332563,0.04916588757036614,0.09833177514073228
-3.0868130903285533,-18.255756938441408,-0.07715222049069502,-0.08593408100706998,0.11548649880039868,-0.007982017738105439,-0.03162973338231434,0.03262135253185741,0.06524270506371482
-2.56125584881516,-18.49366288567068,-0.07347933073583854,-0.06409510630415205,0.09750587006702365,0.002511612813795092,-0.0267565619868168,0.026874184792860033,0.05374836958572007
-2.693769468433078,-18.87150071551876,-0.08593030810122515,-0.055774565660137776,0.10244422885135356,0.002510663943406233,-0.018606397218668642,0.018775021994543718,0.037550043989087435
0.7627972705097243,-17.9597280301658,-0.02226211260334816,-0.039908238429997724,0.045697583657669474,0.03753924986122387,-0.048506799561838274,0.061335999901165304,0.0853407449560104
1.2917554703677443,-18.477637610869,-0.019012913646502323,-0.032523595988087725,0.037673268790028164,0.04859481695516128,-0.04630642608218498,0.0671248190419199,0.07133209547124696
-1.9327684807469048,-18.34687855639369,-0.057630929934525475,-0.05551240205425441,0.08001844079305329,0.011255281821913932,-0.03132756824569713,0.03328810449814644,0.0665744469405276
-0.125221836233686,-17.557638117394855,-0.028448081023165456,-0.04807675490341205,0.0558629365137865,0.02626063160144703,-0.04665551692634694,0.05353837905439017,0.09464351498285936
-1.2675367380469504,-18.11876599545208,-0.04482145931780593,-0.05106307369423816,0.0679440998945525,0.01788849673807914,-0.03634207648905638,0.040506108663813815,0.0789369117527483
1.6042798169549577,-19.090910421041,-0.018865364645254772,-0.024561677868677283,0.03097059900814158,0.05861588782592367,-0.03771339393587774,0.06970023233665701,0.058234291606349284
1.9393959214139609,-19.43672833851293,-0.018155094952259157,-0.018864977672624385,0.02618195667466743,0.06758691851729415,-0.030850022045426737,0.0742947872657744,0.05235120791787952
-5.0,-17.323867187494848,-0.00040826353404121996,-0.13355175256261548,0.1335523765855902,-0.00011894388884370334,-0.06131870185488779,0.061318817216392166,0.12263763443278433
-2.1059912550110598,-18.801371182598317,-0.06746093160808421,-0.048326254790510545,0.08298436115020684,0.011347116826522749,-0.024559191524606252,0.027053852749969777,0.05357901892432425
-2.2870383905093488,-19.189323951172238,-0.07662407458497794,-0.039343328866018656,0.08613446657560468,0.012346997241768496,-0.017970991918786115,0.021803781585617542,0.043260688539341015
0.3550286157558149,-18.49818558085344,-0.02865339732249178,-0.036334776742755946,0.04627346085032432,0.03635617287033055,-0.0397707990312257,0.053884021391869985,0.07559293959823124
0.9240835054663904,-19.04818348062481,-0.025230080154689378,-0.028386400184298697,0.03797821296526739,0.0465491549831254,-0.035313955273627726,0.05842858261767786,0.0658696325710312
-1.402145448864325,-18.715429223102763,-0.05227104319102708,-0.04326076335850583,0.06785098085244501,0.018965708071718268,-0.029522323302322358,0.03508939520465528,0.06515926365863857
-0.5361282746911437,-18.59699770331424,-0.03910994948369065,-0.039510283650389194,0.05559362070193887,0.027234762732867113,-0.034549174535741314,0.04399292854785509,0.07296773534454848
-2.475673177109806,-19.55229494350764,-0.08434407635929127,-0.02714174104124145,0.08860359656160559,0.015399070259687108,-0.011708586286957062,0.019344827673099054,0.03868965534619811
2.556284904358542,-20.529244440406323,-0.027051261028980263,-0.011445209432598781,0.029372836809100928,0.07235925778928572,0.005437040577823432,0.0725632386133723,0.058745673618201856
1.435742156457469,-19.553589313980872,-0.02305615292495453,-0.021425853665226122,0.031474646828559855,0.056560282172944676,-0.027971147999101973,0.06309873722881298,0.06221608453078765
1.9593604528144268,-19.868718475627343,-0.02175929888308603,-0.015901945738184653,0.026950676543338166,0.06719602216509019,-0.019925090026459053,0.07008790628470642,0.05390135308667633
0.8646478905352895,-19.612276189446213,-0.027996471731344667,-0.02346768168348401,0.03653128129427316,0.047035322836421534,-0.02679772320760948,0.05413353455519091,0.06898765588268567
2.07388114474936,-20.379398279761183,-0.02509121033700789,-0.013738918066444651,0.02860641022240384,0.06482182419981304,-0.007110074279889297,0.06521059767290138,0.05721282044480768
-1.6767976928794153,-19.171322384014527,-0.060542258674329594,-0.03618566201200752,0.07053202974987095,0.018701711687538536,-0.023322240907275634,0.029894496834381015,0.05742573520802572
-2.0094697584167545,-19.52788471921753,-0.06952337573037985,-0.028434059491452564,0.07511321795869907,0.018532368483275316,-0.017496547524134876,0.025486817315314332,0.050973634630628664
0.1351279022797945,-19.283936610020444,-0.0339634633629146,-0.028823796166699382,0.044545797434364966,0.03697136674139939,-0.029685012734660517,0.04741394246193845,0.07079706145177467
-0.8935509442903302,-19.25642442940473,-0.04675757856567386,-0.031983640662265354,0.05665001697562038,0.02640993168809457,-0.026577867872519895,0.03746822056648737,0.0673401458881429
-2.0848807300332544,-20.0177420581994,-0.06924934080940955,-0.015067186181887363,0.07086953719319333,0.02259271176367266,-0.014298714060183348,0.02673731191820296,0.05347462383640592
2.3201576998052063,-20.79431530930927,-0.026981991239056848,-0.013336501254879007,0.030098008521261498,0.06217016206748342,0.004681127633031093,0.06234614669258944,0.060196017042522997
2.6850366709041333,-21.14589813958745,-0.027812104901359408,-0.015081648188763685,0.031638098728176745,0.05764241783596825,0.01701920199723643,0.060102425663188394,0.06327619745635349
3.098956782004604,-21.728378214247847,-0.023926677798521336,-0.018847137219005182,0.03045817610800529,0.042197708159175465,0.0264695184903406,0.04981246814801919,0.06091635221601058
1.3460262876681752,-20.14870530563696,-0.02644144090122122,-0.017897077282142952,0.03192890809557652,0.05347655427904763,-0.017560193143814545,0.05628589735278277,0.06385781619115304
0.4826180915080156,-20.072676187057155,-0.03229878517749418,-0.020494618996144874,0.038252332369923016,0.04185565460123081,-0.0208873780122596,0.046777968984603846,0.07216430778001598
1.7004015730436723,-20.7465094499916,-0.02687025178711481,-0.014519038638204196,0.03054198608605231,0.05406463479411537,-0.005634469777641288,0.05435744645488991,0.06108397217210462
3.7101811615334417,-22.16654784500579,-0.01630975998864018,-0.021537947128422184,0.02701650305634979,0.026155165437375217,0.03143988662144323,0.0408969332569775,0.05403300611269958
3.013921886504817,-21.99665879527354,-0.022143139213410056,-0.017361537981524545,0.028137903534349844,0.03764921323802712,0.022714981757798167,0.04397082730287821,0.05627580706869969
5.0,-22.715824264065965,-0.00010564424363277794,-0.019806934371503715,0.019807216106845202,0.00020499225401019822,0.028617840817696173,0.028618574997564105,0.039614432213690404
3.813027333728512,-22.580869859156067,-0.012964367932253805,-0.018398381332233274,0.0225072270955158,0.020209165995244333,0.026060322066001042,0.03297803475659277,0.0450144541910316
-1.3381038258102662,-19.83306420285354,-0.05430449113583698,-0.022745112701341545,0.05887544402651181,0.025242376265672575,-0.019960402998875665,0.0321806657391564,0.0641967002437785
-0.3543016969646373,-19.91982068169604,-0.040354332039479086,-0.022603326955869772,0.046253459371451096,0.0332344620774051,-0.022108918501277983,0.03991658485981272,0.07259544029109227
-1.962762691724566,-20.54402380327297,-0.060320651488834524,-0.005268555728100144,0.06055029872343762,0.02593793013094608,-0.014183807713688948,0.029562757326351385,0.05912551465270277
-1.567683127261928,-20.382217397316555,-0.055472474470265584,-0.012258654377119288,0.05681082670576034,0.026357480537778876,-0.01601750103761801,0.030842780675378254,0.06168556135075651
0.0500354925310284,-20.51871372072631,-0.03600179946180071,-0.016863292532223725,0.039755505273044466,0.03696555633277275,-0.01679673470582553,0.04060274192427501,0.07293936988984236
2.1357609988844763,-21.1914532560796,-0.02674071170255906,-0.013933933655198811,0.030153277922422648,0.05259206038200857,0.005757492389702357,0.052906271214689805,0.060306555844845296
2.705788264045128,-21.77028475235511,-0.024441313350003113,-0.015880796224719863,0.02914751253544832,0.043448136777295,0.018124207211745513,0.04707682525906799,0.05829502507089664
2.4887948719156503,-21.43697795925946,-0.026276077431142787,-0.014937446003516045,0.030225147448364395,0.049982248434321155,0.013713824375896404,0.05182947170831601,0.06045029489672879
0.9055327045689928,-20.80776924359439,-0.03007919489178087,-0.015166747759789517,0.03368661756464749,0.04418939065783375,-0.011281055261996714,0.045606627309360076,0.06737323512929498
1.5415931170549126,-21.274504720808636,-0.027561661449747157,-0.01334259578540542,0.030621398468443552,0.046479432464512596,-0.001739430675552052,0.04651196901119366,0.061242796936887105
3.1796331863286955,-22.401813771023686,-0.01871881803493505,-0.016314495899869132,0.02483056433293163,0.030131921090559288,0.02142120760321865,0.03697026918738737,0.04966112866586326
2.652133603822386,-22.17523958726814,-0.022460950976114672,-0.014501629620012772,0.02673558640440599,0.037021828178272397,0.01572160729679595,0.04022169436580453,0.05347117280881198
5.0,-23.68350743471924,4.133145545491083e-05,-0.010409965437469627,0.010410047487813023,-7.016037588721455e-05,0.01460180931394657,0.014601977870110661,0.020820094975626046
4.155416678359847,-23.27086395648656,-0.007797486762802848,-0.013296204193675666,0.015413949713684809,0.011603378104803037,0.01852560459549652,0.02185946955147138,0.030827899427369618
3.32157435559756,-22.988093175386272,-0.015143670928436624,-0.01316055934641859,0.020063177502563805,0.022870822964894746,0.016999662742832024,0.028496720450985023,0.04012635500512761
4.175483117220318,-24.16360160565849,-0.006487983032270766,-0.006159483230841902,0.00894612527846866,0.00908238849325605,0.008347881420911418,0.01233600036316585,0.01789225055693732
5.0,-25.0,2.6387648952769238e-05,-2.587945573723216e-05,3.696017108334243e-05,-5.2025663598714855e-05,5.552137401096391e-05,7.608740135496798e-05,7.392034216668486e-05
-2.1811144954435493,-20.9558435671874,-0.05700014413616913,0.004177772063817878,0.05715304200968897,0.02689767164879045,-0.013968095154408076,0.03030828966419491,0.06061657932838982
-0.7800428308255426,-20.556037750125988,-0.04402019211015118,-0.014483349357621772,0.04634160897109141,0.03074321224038631,-0.016750762619094847,0.03501047196452376,0.06969212195005411
-1.5166965872106015,-20.94741545312591,-0.04961743641434776,-0.005067897218367756,0.04987558098456381,0.02760682805533996,-0.01432089374883426,0.031100240401683486,0.06220048080336697
-0.0171058478643007,-21.24225002501825,-0.0350848941622765,-0.011354805799877937,0.036876569975135776,0.03492124632289155,-0.0115307462051559,0.03677569241757093,0.07000560882209877
1.9981052957565089,-21.88269170609632,-0.025333051429225102,-0.01275519750615152,0.028362978654166385,0.041506329859004036,0.007008435706084344,0.042093866410805834,0.05672595730833277
0.950217039409033,-21.756428440395656,-0.028914607228975348,-0.010884941308870265,0.030895573445130674,0.03849233889203278,-0.0036193654198048326,0.038662125645406234,0.06179114689026135
2.385042481153913,-22.821581684843014,-0.02088065094916076,-0.01079529604673976,0.02350616941990854,0.03073389226020095,0.010201069566116414,0.032382618080605934,0.04701233883981708
3.0747520984168304,-23.865336605422044,-0.014519523661241358,-0.006913298258875454,0.016081363753286535,0.02004792707441685,0.008249074060203709,0.021678713126748596,0.03216272750657307
3.6484853893633447,-25.000000000000004,-0.00991701994082857,-7.714697597042502e-05,0.009917320009089799,0.013404320060488712,0.00017771687891892285,0.013405498109845556,0.019834640018179597
-2.804812039324323,-21.368613967768542,-0.05188499851426822,0.020892242250776516,0.0559333429815414,0.026927175951337232,-0.016553145137542236,0.03160821758117361,0.06321643516234722
-2.366398639445276,-21.40320389019511,-0.05001869407337878,0.011313761682628654,0.05128226750269116,0.026349492178805493,-0.014567117001915632,0.030108082566454333,0.060216165132908665
-1.758202356795645,-21.497786474561725,-0.04533228825214244,0.0024283495622586804,0.04539728229499926,0.026756012540326703,-0.013090604789557505,0.029786710808924602,0.059573421617849204
-0.9195386494764674,-21.552399104528348,-0.039567725375154295,-0.004966484934216912,0.03987820036016461,0.02946107220631717,-0.011667292139695203,0.031687228995587916,0.06337445799117583
-1.4779824859965884,-22.057124397305834,-0.038247568556240466,0.0018834414055952896,0.03829391403333727,0.026445660934480968,-0.010938960910039687,0.02861876740974197,0.05723753481948394
0.0,-22.0,-0.032398614181324156,-0.007202847186070761,0.03318962501228639,0.032481763754862225,-0.00719895426118438,0.033269955201071524,0.06487931908012975
1.0229432440065584,-22.66355178937464,-0.02651326269532384,-0.007699812043419442,0.027608697981890376,0.03279162630517916,-8.687879716539476e-05,0.03279174139419733,0.05521739596378075
1.5532092201157504,-23.81321658075704,-0.02214153217163327,-0.004616807046159742,0.022617744233431884,0.027169566406244447,0.0024758290807405476,0.027282138265545965,0.04523548846686377
2.2840540046074698,-25.0,-0.017930075509565158,-3.442712237872181e-06,0.017930075840078753,0.02251654249553874,-6.8103408294070125e-06,0.02251654352546465,0.03586015168015751
-2.649123921864476,-21.919739348915165,-0.04077718619234877,0.0168101189306508,0.0441062241892015,0.023697701481188077,-0.01533553796687678,0.02822693359585881,0.05645386719171762
-2.0874869631938533,-22.070741305094973,-0.03921548372535374,0.008522507012455778,0.04013087700998873,0.02455369777746373,-0.012570706889073743,0.027584538173368672,0.055169076346737345
-3.145068252262793,-22.15941481483588,-0.033654481383871226,0.023338700723986694,0.04095508599308701,0.02034603345880855,-0.017518159465760918,0.026848593791384788,0.053697187582769576
-0.8958376270360895,-22.560453736068823,-0.03301392418503915,-0.0008759366738826518,0.03302554246567595,0.02721865682170014,-0.007744173342587594,0.028298895737069455,0.05659779147413891
-1.7288468334808875,-22.604241366275303,-0.033980198233317785,0.004866093229856338,0.034326851520307344,0.024186878326892397,-0.009674712888466394,0.0260500509150012,0.0521001018300024
0.0475468499380816,-23.453612190734447,-0.027427222507761497,-0.0027006814962325792,0.02755986601989117,0.027650294135960485,-0.0024311448067388802,0.027756967249259495,0.055037261277668774
0.7765666257296511,-25.0,-0.023727799233806503,-9.608055184136266e-05,0.02372799376163671,0.025872107733311375,4.201223886834507e-05,0.025872141843927127,0.04745598752327342
-3.6023490748671745,-22.645724513324808,-0.022581681902948226,0.023308757275073456,0.03245351326550377,0.014465169525948373,-0.01686826456238345,0.022221149357334935,0.04444229871466987
-4.356637873332891,-22.49684944421983,-0.011774624857332208,0.031017575597758792,0.03317727816584096,0.00767300958954049,-0.02138220097961866,0.02271725324272249,0.04543450648544498
-2.6235741226655582,-22.779474795890845,-0.029955822487124903,0.012578931570794209,0.03248970329724267,0.019921890135983993,-0.011835110668965117,0.02317221506755166,0.04634443013510332
-1.5863485351558004,-23.618010180980797,-0.027739054057758852,0.0029684795318012675,0.027897436992490744,0.022304333814442908,-0.005447351287080731,0.022959898583202874,0.04591979716640575
-0.7765666257256036,-25.0,-0.025818906027116235,-1.4512265888985687e-05,0.025818910105636146,0.02368911725507917,-7.301946615697241e-05,0.0236892297926152,0.0473784595852304
-3.449750502292664,-23.33134943848333,-0.019177844749988026,0.014558259716896504,0.024077638074347218,0.013144198664189005,-0.011204295124708372,0.01727154271526524,0.03454308543053048
-4.293630801046454,-23.170518268681164,-0.01001546581064654,0.020382611861508994,0.022710359347688818,0.00670739038376741,-0.014475943064111634,0.01595437285999225,0.0319087457199845
-5.0,-22.715824264065677,-2.0857083033343216e-05,0.02857633390273409,0.028576341514239757,8.293748435042603e-07,-0.01978685992564956,0.019786859943031365,0.03957371988606273
-2.8596071305889934,-23.96737307253145,-0.02111646046484659,0.006774562501880073,0.02217655518008396,0.015606691982058376,-0.005986778074841355,0.016715571971674986,0.03343114394334997
-2.284054004603977,-25.0,-0.022479387908490238,0.00019287262338310573,0.02248021531456556,0.01791561259573209,-8.788433175456478e-05,0.017915828150998833,0.035831656301997666
-4.014555866895474,-24.075161527061283,-0.010913495977590828,0.009045866056287188,0.014175051575256434,0.007774840823682756,-0.006716986747921381,0.01027453457852741,0.02054906915705482
-5.0,-23.683507434719356,2.047147632422419e-05,0.01461556047382721,0.01461557481064098,-1.7533362486471527e-05,-0.010418004296486778,0.01041801905068411,0.02083603810136822
-3.648485389361509,-25.0,-0.013388808977071454,0.00019560676545598194,0.013390237780980639,0.009912709694561494,-8.388442187900097e-05,0.009913064616196517,0.019826129232393033
-5.0,-25.0,9.955131576208642e-05,0.00011306181400125292,0.00015064341424442208,-4.946200449015836e-05,-5.372227644098726e-05,7.302446764055388e-05,0.00014604893528110776
